orderID,customerID,productID,numProduct,avgUnitPrice,avgQuantity,avgdiscount,employeeID,orderDate,requiredDate,shippedDate,shipVia,freight,shipName,shipCity,shipPostalCode,shipCountry
10248,VINET,67,3,19.53333333,9,0,5,06-25-2014,06-30-2014,06-29-2014,3,32.38,Vins et alcools Chevalier,Reims,51100,France
10249,TOMSP,40,2,30.5,24.5,0,6,01-06-2012,01-12-2012,01-09-2012,1,11.61,Toms Spezialitäten,Münster,44087,Germany
10250,HANAR,46,3,22.3,20,0.1,4,12-25-2013,01-01-2014,12-31-2013,2,65.83,Hanari Carnes,Rio de Janeiro,05454-876,Brazil
10251,VICTE,69,3,16.4,13.66666667,0.033333333,3,11-16-2013,11-24-2013,11-21-2013,1,41.34,Victuailles en stock,Lyon,69004,France
10252,SUPRD,18,3,31.33333333,35,0.033333333,4,07-02-2010,07-05-2010,07-04-2010,2,51.3,Suprêmes délices,Charleroi,B-6000,Belgium
10253,HANAR,10,3,13.46666667,34,0,3,09-09-2015,09-15-2015,09-12-2015,2,58.17,Hanari Carnes,Rio de Janeiro,05454-876,Brazil
10254,CHOPS,50,3,10.26666667,19,0.1,5,09-30-2015,10-09-2015,10-08-2015,2,22.98,Chop-suey Chinese,Bern,3012,Switzerland
10255,RICSU,36,4,22.075,27.5,0,9,01-04-2015,01-14-2015,01-13-2015,3,148.33,Richter Supermarkt,Genève,1204,Switzerland
10256,WELLI,60,2,18.3,13.5,0,3,02-23-2015,02-26-2015,02-24-2015,2,13.97,Wellington Importadora,Resende,08737-363,Brazil
10257,HILAA,57,3,19.96666667,15.33333333,0,4,09-23-2010,09-27-2010,09-26-2010,3,81.91,HILARION-Abastos,San Cristóbal,5022,Venezuela
10258,ERNSH,37,3,19.26666667,40.33333333,0.2,1,03-09-2011,03-14-2011,03-11-2011,1,140.51,Ernst Handel,Graz,8010,Austria
10259,CENTC,75,2,14.4,5.5,0,4,01-02-2014,01-05-2014,01-04-2014,3,3.25,Centro comercial Moctezuma,México D.F.,5022,Mexico
10260,OTTIK,49,4,18.675,25.5,0.1875,4,03-03-2011,03-08-2011,03-06-2011,1,55.09,Ottilies Käseladen,Köln,50739,Germany
10261,QUEDE,41,2,11.2,20,0,4,06-28-2011,07-08-2011,07-05-2011,2,3.05,Que Delícia,Rio de Janeiro,02389-673,Brazil
10262,RATTC,22,3,23.8,9.666666667,0.066666667,8,04-12-2013,04-15-2013,04-13-2013,3,48.29,Rattlesnake Canyon Grocery,Albuquerque,87110,USA
10263,ERNSH,4,4,11.55,46,0.1875,9,01-27-2012,02-02-2012,01-30-2012,3,146.06,Ernst Handel,Graz,8010,Austria
10264,FOLKO,51,2,11.45,30,0.075,6,12-26-2014,12-31-2014,12-30-2014,3,3.67,Folk och fä HB,Bräcke,S-844 67,Sweden
10265,BLONP,34,2,21.6,25,0,2,05-04-2015,05-08-2015,05-05-2015,1,55.28,Blondel père et fils,Strasbourg,67000,France
10266,WARTH,27,1,30.4,12,0.05,3,01-11-2012,01-17-2012,01-16-2012,3,25.73,Wartian Herkku,Oulu,90110,Finland
10267,FRANK,20,3,24.36666667,45,0.1,4,01-02-2015,01-07-2015,01-04-2015,1,208.58,Frankenversand,München,80805,Germany
10268,GROSR,50,2,63.4,7,0,8,11-25-2013,12-04-2013,12-01-2013,3,66.29,GROSELLA-Restaurante,Caracas,1081,Venezuela
10269,WHITC,23,2,14.9,40,0.05,5,09-16-2011,09-26-2011,09-25-2011,1,4.56,White Clover Markets,Seattle,98124,USA
10270,WARTH,15,2,26,27.5,0,1,02-19-2015,02-27-2015,02-25-2015,1,136.54,Wartian Herkku,Oulu,90110,Finland
10271,SPLIR,21,1,2,24,0,6,04-25-2014,05-03-2014,05-02-2014,2,4.54,Split Rail Beer & Ale,Lander,82520,USA
10272,RATTC,74,3,34.2,23.33333333,0,6,05-22-2014,05-30-2014,05-27-2014,2,98.03,Rattlesnake Canyon Grocery,Albuquerque,87110,USA
10273,QUICK,41,5,13.18,30.4,0.04,3,04-25-2014,04-29-2014,04-28-2014,3,76.07,QUICK-Stop,Cunewalde,1307,Germany
10274,VINET,40,2,22.5,13.5,0,6,11-01-2015,11-08-2015,11-07-2015,1,6.01,Vins et alcools Chevalier,Reims,51100,France
10275,MAGAA,25,2,23.8,9,0.05,1,01-08-2010,01-15-2010,01-14-2010,1,26.93,Magazzini Alimentari Riuniti,Bergamo,24100,Italy
10276,TORTU,11,2,14.8,12.5,0,8,05-22-2011,05-27-2011,05-25-2011,3,13.84,Tortuga Restaurante,México D.F.,5033,Mexico
10277,MORGK,70,2,37.9,16,0,2,03-26-2014,04-03-2014,03-31-2014,3,125.77,Morgenstern Gesundkost,Leipzig,4179,Germany
10278,BERGS,39,4,26.65,16,0,8,04-20-2014,04-23-2014,04-21-2014,2,92.69,Berglunds snabbköp,Luleå,S-958 22,Sweden
10279,LEHMS,46,1,31.2,15,0.25,8,04-30-2012,05-04-2012,05-02-2012,2,25.83,Lehmanns Marktstand,Frankfurt a.M.,60528,Germany
10280,BERGS,8,3,9.666666667,20.66666667,0,2,04-08-2010,04-15-2010,04-13-2010,1,8.98,Berglunds snabbköp,Luleå,S-958 22,Sweden
10281,ROMEY,61,3,8.433333333,3.666666667,0,4,07-28-2014,07-31-2014,07-30-2014,1,2.94,Romero y tomillo,Madrid,28001,Spain
10282,ROMEY,48,2,18.15,4,0,4,08-12-2013,08-20-2013,08-19-2013,1,12.69,Romero y tomillo,Madrid,28001,Spain
10283,LILAS,70,4,18.675,19,0,3,10-15-2012,10-20-2012,10-17-2012,3,84.81,LILA-Supermercado,Barquisimeto,3508,Venezuela
10284,LEHMS,77,4,22.25,15.25,0.1875,4,12-27-2011,01-03-2012,01-02-2012,1,76.56,Lehmanns Marktstand,Frankfurt a.M.,60528,Germany
10285,QUICK,51,3,18.43333333,40.33333333,0.2,1,06-18-2012,06-22-2012,06-19-2012,2,76.83,QUICK-Stop,Cunewalde,1307,Germany
10286,QUICK,20,2,26.9,70,0,8,08-22-2010,08-25-2010,08-22-2010,3,229.24,QUICK-Stop,Cunewalde,1307,Germany
10287,RICAR,43,3,11.56666667,25,0.1,8,10-18-2011,10-23-2011,10-21-2011,3,12.76,Ricardo Adocicados,Rio de Janeiro,02389-890,Brazil
10288,REGGC,62,2,7.95,6.5,0.1,4,10-02-2014,10-06-2014,10-04-2014,1,7.45,Reggiani Caseifici,Reggio Emilia,42100,Italy
10289,BSBEV,43,2,17.3,19.5,0,7,10-15-2013,10-19-2013,10-18-2013,3,22.77,B's Beverages,London,EC2 5NT,UK
10290,COMMI,42,4,35.6,15,0,8,11-28-2014,12-03-2014,12-02-2014,1,79.7,Comércio Mineiro,Sao Paulo,05432-043,Brazil
10291,QUEDE,15,3,20.9,15.33333333,0.1,6,05-22-2012,06-01-2012,05-31-2012,2,6.4,Que Delícia,Rio de Janeiro,02389-673,Brazil
10292,TRADH,54,1,64.8,20,0,1,12-11-2010,12-18-2010,12-16-2010,2,1.35,Tradiçao Hipermercados,Sao Paulo,05634-030,Brazil
10293,TORTU,48,4,23.725,8.25,0,1,03-26-2014,03-30-2014,03-27-2014,3,21.18,Tortuga Restaurante,México D.F.,5033,Mexico
10294,RATTC,11,5,23.16,15,0,4,02-13-2010,02-23-2010,02-21-2010,2,147.26,Rattlesnake Canyon Grocery,Albuquerque,87110,USA
10295,VINET,74,1,30.4,4,0,2,11-11-2013,11-15-2013,11-14-2013,2,1.15,Vins et alcools Chevalier,Reims,51100,France
10296,LILAS,65,3,19.83333333,19,0,6,04-03-2012,04-10-2012,04-08-2012,1,0.12,LILA-Supermercado,Barquisimeto,3508,Venezuela
10297,BLONP,29,2,21.1,40,0,5,04-19-2014,04-28-2014,04-25-2014,2,5.74,Blondel père et fils,Strasbourg,67000,France
10298,HUNGO,36,4,28.45,31.25,0.125,6,08-07-2015,08-12-2015,08-10-2015,2,168.22,Hungry Owl All-Night Grocers,Cork,NULL,Ireland
10299,RICAR,34,2,9.65,17.5,0,4,10-04-2011,10-08-2011,10-05-2011,2,29.76,Ricardo Adocicados,Rio de Janeiro,02389-890,Brazil
10300,MAGAA,65,2,11.8,25,0,2,09-24-2013,09-28-2013,09-25-2013,2,17.68,Magazzini Alimentari Riuniti,Bergamo,24100,Italy
10301,WANDK,5,2,22.55,15,0,8,10-28-2010,10-31-2010,10-30-2010,2,45.08,Die Wandernde Kuh,Stuttgart,70563,Germany
10302,SUPRD,71,3,34.8,26.66666667,0,4,12-15-2012,12-23-2012,12-20-2012,2,6.27,Suprêmes délices,Charleroi,B-6000,Belgium
10303,GODOS,21,3,13.83333333,28.33333333,0.1,7,09-17-2010,09-22-2010,09-21-2010,2,107.83,Godos Cocina Típica,Sevilla,41101,Spain
10304,TORTU,53,3,25.73333333,14,0,1,09-03-2013,09-10-2013,09-09-2013,2,63.79,Tortuga Restaurante,México D.F.,5033,Mexico
10305,OLDWO,8,3,54.46666667,26.66666667,0.1,8,04-21-2011,05-01-2011,04-29-2011,3,257.62,Old World Delicatessen,Anchorage,99508,USA
10306,ROMEY,31,3,17.6,8.333333333,0,1,10-28-2011,11-07-2011,11-05-2011,3,7.56,Romero y tomillo,Madrid,28001,Spain
10307,LONEP,61,2,24.7,6.5,0,2,07-25-2012,08-04-2012,08-03-2012,2,0.56,Lonesome Pine Restaurant,Portland,97219,USA
10308,ANATR,50,2,20.4,3,0,7,08-01-2015,08-10-2015,08-07-2015,3,1.61,Ana Trujillo Emparedados y helados,México D.F.,5021,Mexico
10309,HUNGO,43,5,20.56,15,0,3,12-12-2013,12-15-2013,12-13-2013,1,47.3,Hungry Owl All-Night Grocers,Cork,NULL,Ireland
10310,THEBI,36,2,26.65,7.5,0,8,05-16-2015,05-26-2015,05-24-2015,2,17.52,The Big Cheese,Portland,97201,USA
10311,DUMON,77,2,20,6.5,0,1,02-07-2011,02-12-2011,02-09-2011,3,24.69,Du monde entier,Nantes,44000,France
10312,WANDK,36,4,26.4,14.5,0,2,04-08-2014,04-18-2014,04-17-2014,2,40.26,Die Wandernde Kuh,Stuttgart,70563,Germany
10313,QUICK,53,1,15.2,12,0,2,12-18-2011,12-28-2011,12-26-2011,2,1.96,QUICK-Stop,Cunewalde,1307,Germany
10314,RATTC,34,3,25.2,31.66666667,0.1,1,04-30-2010,05-04-2010,05-01-2010,2,74.16,Rattlesnake Canyon Grocery,Albuquerque,87110,USA
10315,ISLAT,24,2,11.6,22,0,4,06-03-2013,06-06-2013,06-03-2013,2,41.76,Island Trading,Cowes,PO31 7PJ,UK
10316,RATTC,6,2,23.55,40,0,1,07-30-2011,08-08-2011,08-05-2011,3,150.15,Rattlesnake Canyon Grocery,Albuquerque,87110,USA
10317,LONEP,45,1,14.4,20,0,6,09-14-2012,09-21-2012,09-18-2012,1,12.69,Lonesome Pine Restaurant,Portland,97219,USA
10318,ISLAT,21,2,11.05,13,0,8,12-07-2012,12-12-2012,12-10-2012,2,4.73,Island Trading,Cowes,PO31 7PJ,UK
10319,TORTU,44,3,27.33333333,17.33333333,0,7,05-30-2014,06-09-2014,06-07-2014,3,64.5,Tortuga Restaurante,México D.F.,5033,Mexico
10320,WARTH,14,1,17.2,30,0,5,03-07-2014,03-10-2014,03-09-2014,3,34.57,Wartian Herkku,Oulu,90110,Finland
10321,ISLAT,15,1,14.4,10,0,3,11-22-2014,12-02-2014,12-01-2014,2,3.43,Island Trading,Cowes,PO31 7PJ,UK
10322,PERIC,51,1,5.6,20,0,7,02-07-2010,02-11-2010,02-08-2010,3,0.4,Pericles Comidas clásicas,México D.F.,5033,Mexico
10323,KOENE,45,3,12.66666667,4.333333333,0,4,02-12-2014,02-17-2014,02-15-2014,1,4.88,Königlich Essen,Brandenburg,14776,Germany
10324,SAVEA,34,5,23.4,48.2,0.12,9,03-22-2010,04-01-2010,03-31-2010,1,214.27,Save-a-lot Markets,Boise,83720,USA
10325,KOENE,25,5,16.24,14.2,0,1,11-28-2013,12-02-2013,11-30-2013,3,64.86,Königlich Essen,Brandenburg,14776,Germany
10326,BOLID,38,3,13.13333333,30,0,4,09-26-2011,10-01-2011,09-29-2011,2,77.92,Bólido Comidas preparadas,Madrid,28023,Spain
10327,FOLKO,4,4,15.825,35,0.2,2,10-25-2010,11-02-2010,11-01-2010,1,63.36,Folk och fä HB,Bräcke,S-844 67,Sweden
10328,FURIB,51,3,23.6,19.66666667,0,4,12-22-2014,12-25-2014,12-24-2014,3,87.03,Furia Bacalhau e Frutos do Mar,Lisboa,1675,Portugal
10329,SPLIR,39,4,67.3,12.5,0.05,4,01-04-2015,01-10-2015,01-07-2015,2,191.67,Split Rail Beer & Ale,Lander,82520,USA
10330,LILAS,28,2,26.35,37.5,0.15,3,04-12-2014,04-17-2014,04-14-2014,1,12.75,LILA-Supermercado,Barquisimeto,3508,Venezuela
10331,BONAP,17,1,5.9,15,0,9,03-06-2015,03-11-2015,03-08-2015,1,10.19,Bon app',Marseille,13008,France
10332,MEREP,10,3,22.93333333,22,0.2,3,09-12-2015,09-17-2015,09-14-2015,2,52.84,Mère Paillarde,Montréal,H1J 1C3,Canada
10333,WARTH,62,3,14.6,20,0.066666667,5,12-03-2010,12-10-2010,12-08-2010,3,0.59,Wartian Herkku,Oulu,90110,Finland
10334,VICTE,59,2,7.8,9,0,8,06-08-2015,06-11-2015,06-08-2015,2,8.56,Victuailles en stock,Lyon,69004,France
10335,HUNGO,32,4,23.3,21.5,0.2,7,01-08-2013,01-11-2013,01-09-2013,2,42.11,Hungry Owl All-Night Grocers,Cork,NULL,Ireland
10336,PRINI,15,1,17.6,18,0.1,7,01-29-2012,02-03-2012,02-01-2012,2,15.51,Princesa Isabel Vinhos,Lisboa,1756,Portugal
10337,FRANK,40,5,19.18,27.4,0,4,07-27-2014,08-06-2014,08-05-2014,3,108.26,Frankenversand,München,80805,Germany
10338,OLDWO,36,2,25.95,17.5,0,4,08-13-2014,08-18-2014,08-17-2014,3,84.21,Old World Delicatessen,Anchorage,99508,USA
10339,MEREP,40,3,29.4,36,0.016666667,2,11-17-2013,11-22-2013,11-21-2013,2,15.66,Mère Paillarde,Montréal,H1J 1C3,Canada
10340,BONAP,56,3,31.5,24,0.05,1,08-22-2012,08-30-2012,08-27-2012,3,166.31,Bon app',Marseille,13008,France
10341,SIMOB,11,2,23,8.5,0.075,7,12-09-2014,12-13-2014,12-12-2014,3,26.78,Simons bistro,Kobenhavn,1734,Denmark
10342,FRANK,33,4,14.9,40,0.2,4,09-27-2012,10-04-2012,10-01-2012,2,54.83,Frankenversand,München,80805,Germany
10343,LEHMS,68,3,17,23,0.016666667,4,11-13-2015,11-17-2015,11-15-2015,1,110.37,Lehmanns Marktstand,Frankfurt a.M.,60528,Germany
10344,WHITC,38,2,24.8,52.5,0.125,4,05-18-2015,05-21-2015,05-18-2015,2,23.29,White Clover Markets,Seattle,98124,USA
10345,QUICK,31,3,16.83333333,53,0,2,01-27-2013,02-04-2013,02-02-2013,2,249.06,QUICK-Stop,Cunewalde,1307,Germany
10346,RATTC,71,2,30.8,28,0.05,3,02-20-2010,02-27-2010,02-24-2010,3,142.08,Rattlesnake Canyon Grocery,Albuquerque,87110,USA
10347,FAMIA,9,4,11.625,17.5,0.075,4,01-28-2013,02-01-2013,01-30-2013,3,3.1,Familia Arquibaldo,Sao Paulo,05442-030,Brazil
10348,WANDK,72,2,10.8,20,0.075,4,02-22-2013,02-25-2013,02-24-2013,2,0.78,Die Wandernde Kuh,Stuttgart,70563,Germany
10349,SPLIR,17,1,5.9,24,0,7,04-07-2013,04-17-2013,04-15-2013,1,8.63,Split Rail Beer & Ale,Lander,82520,USA
10350,LAMAI,1,2,20.9,16.5,0.1,6,01-04-2014,01-12-2014,01-10-2014,2,64.19,La maison d'Asie,Toulouse,31000,France
10351,ERNSH,3,4,62.7,30,0.0375,1,05-09-2010,05-17-2010,05-14-2010,1,162.33,Ernst Handel,Graz,8010,Austria
10352,FURIB,61,2,4.75,15,0.075,3,10-11-2011,10-14-2011,10-12-2011,3,1.3,Furia Bacalhau e Frutos do Mar,Lisboa,1675,Portugal
10353,PICCO,21,2,113.8,31,0.2,7,10-11-2014,10-20-2014,10-19-2014,3,360.63,Piccolo und mehr,Salzburg,5020,Austria
10354,PERIC,11,2,56.7,8,0,8,09-08-2015,09-12-2015,09-10-2015,3,53.8,Pericles Comidas clásicas,México D.F.,5033,Mexico
10355,AROUT,27,2,9.6,25,0,6,12-12-2014,12-17-2014,12-16-2014,1,41.95,Around the Horn,Colchester,CO7 6JX,UK
10356,WANDK,21,3,19.33333333,20.66666667,0,6,12-12-2013,12-18-2013,12-16-2013,2,36.71,Die Wandernde Kuh,Stuttgart,70563,Germany
10357,LILAS,55,3,25.63333333,18,0.133333333,1,06-01-2014,06-08-2014,06-05-2014,3,34.88,LILA-Supermercado,Barquisimeto,3508,Venezuela
10358,LAMAI,19,3,10,13.33333333,0.05,5,08-24-2013,08-30-2013,08-28-2013,1,19.64,La maison d'Asie,Toulouse,31000,France
10359,SEVES,73,3,17.03333333,68.66666667,0.05,5,07-20-2012,07-25-2012,07-23-2012,3,288.43,Seven Seas Imports,London,OX15 4NB,UK
10360,BLONP,11,5,73.62,27.6,0,4,05-25-2013,05-29-2013,05-26-2013,3,131.7,Blondel père et fils,Strasbourg,67000,France
10361,QUICK,53,2,20.8,54.5,0.1,1,12-01-2015,12-04-2015,12-03-2015,2,183.17,QUICK-Stop,Cunewalde,1307,Germany
10362,BONAP,34,3,19.83333333,31.33333333,0,3,12-05-2015,12-09-2015,12-08-2015,1,96.04,Bon app',Marseille,13008,France
10363,DRACD,73,3,10.2,14.66666667,0,4,08-25-2010,09-01-2010,08-30-2010,3,30.54,Drachenblut Delikatessen,Aachen,52066,Germany
10364,EASTC,57,2,23,17.5,0,1,01-28-2010,02-01-2010,01-29-2010,1,71.97,Eastern Connection,London,WX3 6FW,UK
10365,ANTON,11,1,16.8,24,0,3,08-30-2013,09-02-2013,09-01-2013,2,22,Antonio Moreno Taquería,México D.F.,5023,Mexico
10366,GALED,61,2,13.6,5,0,8,06-07-2011,06-16-2011,06-13-2011,2,10.14,Galería del gastronómo,Barcelona,8022,Spain
10367,VAFFE,12,4,11.075,19,0,7,05-18-2012,05-23-2012,05-22-2012,3,13.55,Vaffeljernet,Århus,8200,Denmark
10368,ERNSH,49,4,21.65,19.5,0.075,2,04-12-2015,04-20-2015,04-18-2015,2,101.95,Ernst Handel,Graz,8010,Austria
10369,SPLIR,20,2,64.7,19,0.125,8,06-21-2012,06-30-2012,06-28-2012,2,195.68,Split Rail Beer & Ale,Lander,82520,USA
10370,CHOPS,44,3,16.33333333,21.66666667,0.1,6,11-03-2011,11-07-2011,11-04-2011,2,1.17,Chop-suey Chinese,Bern,3012,Switzerland
10371,LAMAI,3,1,15.2,6,0.2,1,11-16-2010,11-19-2010,11-16-2010,1,0.45,La maison d'Asie,Toulouse,31000,France
10372,QUEEN,21,4,82.65,41,0.25,5,05-15-2014,05-20-2014,05-17-2014,2,890.78,Queen Cozinha,Sao Paulo,05487-020,Brazil
10373,HUNGO,17,2,13.9,65,0.2,4,10-11-2014,10-14-2014,10-11-2014,3,124.12,Hungry Owl All-Night Grocers,Cork,NULL,Ireland
10374,WOLZA,33,2,10.3,22.5,0,1,09-09-2011,09-17-2011,09-16-2011,3,3.94,Wolski Zajazd,Warszawa,01-012,Poland
10375,HUNGC,32,2,12.25,12.5,0,3,11-19-2013,11-22-2013,11-20-2013,2,20.12,Hungry Coyote Import Store,Elgin,97827,USA
10376,MEREP,38,1,10,42,0.05,1,07-08-2014,07-18-2014,07-17-2014,2,20.39,Mère Paillarde,Montréal,H1J 1C3,Canada
10377,SEVES,73,2,25.4,20,0.15,1,02-25-2013,03-01-2013,02-26-2013,3,22.21,Seven Seas Imports,London,OX15 4NB,UK
10378,FOLKO,71,1,17.2,6,0,5,01-18-2013,01-26-2013,01-24-2013,3,5.44,Folk och fä HB,Bräcke,S-844 67,Sweden
10379,QUEDE,4,3,19.86666667,14.66666667,0.1,2,11-20-2010,11-24-2010,11-22-2010,1,45.03,Que Delícia,Rio de Janeiro,02389-673,Brazil
10380,HUNGO,33,4,21.525,18.5,0.075,8,07-08-2014,07-11-2014,07-09-2014,3,35.03,Hungry Owl All-Night Grocers,Cork,NULL,Ireland
10381,LILAS,53,1,8,14,0,3,07-06-2012,07-09-2012,07-06-2012,3,7.99,LILA-Supermercado,Barquisimeto,3508,Venezuela
10382,ERNSH,36,5,35.2,33,0,4,02-27-2015,03-05-2015,03-03-2015,1,94.77,Ernst Handel,Graz,8010,Austria
10383,AROUT,76,3,16.06666667,18.33333333,0,8,05-13-2015,05-21-2015,05-19-2015,3,34.24,Around the Horn,Colchester,CO7 6JX,UK
10384,BERGS,35,2,46,21.5,0,3,11-05-2013,11-09-2013,11-08-2013,3,168.64,Berglunds snabbköp,Luleå,S-958 22,Sweden
10385,SPLIR,9,3,20.4,12.66666667,0.2,1,07-31-2012,08-06-2012,08-03-2012,2,30.96,Split Rail Beer & Ale,Lander,82520,USA
10386,FAMIA,57,2,7.4,12.5,0,9,01-27-2015,02-06-2015,02-04-2015,3,13.99,Familia Arquibaldo,Sao Paulo,05442-030,Brazil
10387,SANTG,5,4,25.3,12,0,1,12-17-2012,12-21-2012,12-18-2012,2,93.63,Santé Gourmet,Stavern,4110,Norway
10388,SEVES,68,3,13.13333333,25,0.133333333,2,06-17-2013,06-24-2013,06-23-2013,1,34.86,Seven Seas Imports,London,OX15 4NB,UK
10389,BOTTM,21,4,23.85,20.25,0,4,12-31-2011,01-08-2012,01-07-2012,2,47.42,Bottom-Dollar Markets,Tsawassen,T2F 8M4,Canada
10390,ERNSH,70,4,15.45,42.25,0.075,6,01-02-2014,01-10-2014,01-09-2014,1,126.38,Ernst Handel,Graz,8010,Austria
10391,DRACD,30,1,4.8,18,0,3,02-13-2010,02-23-2010,02-21-2010,3,5.45,Drachenblut Delikatessen,Aachen,52066,Germany
10392,PICCO,34,1,28.8,50,0,2,06-27-2013,07-02-2013,07-01-2013,3,122.46,Piccolo und mehr,Salzburg,5020,Austria
10393,SAVEA,55,5,15.98,35.2,0.2,1,12-06-2013,12-10-2013,12-08-2013,3,126.56,Save-a-lot Markets,Boise,83720,USA
10394,HUNGC,8,2,22.1,10,0,1,08-26-2014,08-31-2014,08-28-2014,3,30.34,Hungry Coyote Import Store,Elgin,97827,USA
10395,HILAA,65,3,21.53333333,35.33333333,0.066666667,6,11-22-2015,12-01-2015,11-28-2015,1,184.41,HILARION-Abastos,San Cristóbal,5022,Venezuela
10396,FRANK,41,3,17.4,40.33333333,0,1,12-16-2015,12-24-2015,12-21-2015,3,135.35,Frankenversand,München,80805,Germany
10397,PRINI,7,2,25.2,14,0.15,5,11-04-2013,11-09-2013,11-08-2013,1,60.26,Princesa Isabel Vinhos,Lisboa,1756,Portugal
10398,SAVEA,59,2,16.8,75,0.05,2,09-19-2011,09-23-2011,09-22-2011,3,89.16,Save-a-lot Markets,Boise,83720,USA
10399,VAFFE,62,4,13,34.75,0,8,12-21-2014,12-28-2014,12-25-2014,3,27.36,Vaffeljernet,Århus,8200,Denmark
10400,EASTC,41,3,43.13333333,28.66666667,0,1,09-04-2013,09-13-2013,09-10-2013,3,83.93,Eastern Connection,London,WX3 6FW,UK
10401,RATTC,4,4,21.275,42,0,1,02-02-2012,02-10-2012,02-09-2012,1,12.51,Rattlesnake Canyon Grocery,Albuquerque,87110,USA
10402,ERNSH,74,2,21.15,62.5,0,8,06-24-2012,07-03-2012,07-02-2012,2,67.88,Ernst Handel,Graz,8010,Austria
10403,ERNSH,50,2,12.05,45.5,0.15,4,01-07-2011,01-11-2011,01-08-2011,3,73.79,Ernst Handel,Graz,8010,Austria
10404,MAGAA,76,3,17.36666667,33.33333333,0.05,2,04-24-2015,04-28-2015,04-27-2015,1,155.97,Magazzini Alimentari Riuniti,Bergamo,24100,Italy
10405,LINOD,8,1,8,50,0,1,11-24-2011,12-01-2011,11-30-2011,1,34.82,LINO-Delicateses,I. de Margarita,4980,Venezuela
10406,QUEEN,66,5,17.74,17.8,0.08,7,11-24-2015,11-29-2015,11-26-2015,1,108.04,Queen Cozinha,Sao Paulo,05487-020,Brazil
10407,OTTIK,43,3,20.93333333,20,0,2,12-06-2010,12-11-2010,12-09-2010,2,91.48,Ottilies Käseladen,Köln,50739,Germany
10408,FOLIG,8,3,22.03333333,17,0,8,09-15-2010,09-25-2010,09-22-2010,1,11.26,Folies gourmandes,Lille,59000,France
10409,OCEAN,19,2,13.3,12,0,3,09-08-2011,09-12-2011,09-09-2011,1,29.83,Océano Atlántico Ltda.,Buenos Aires,1010,Argentina
10410,BOTTM,72,2,23,32.5,0,3,02-18-2015,02-28-2015,02-25-2015,3,2.4,Bottom-Dollar Markets,Tsawassen,T2F 8M4,Canada
10411,BOTTM,8,3,22.4,24.66666667,0.2,9,06-07-2015,06-17-2015,06-14-2015,3,23.65,Bottom-Dollar Markets,Tsawassen,T2F 8M4,Canada
10412,WARTH,64,1,18.6,20,0.1,8,05-08-2011,05-18-2011,05-17-2011,2,3.77,Wartian Herkku,Oulu,90110,Finland
10413,LAMAI,8,3,22.73333333,26,0,3,02-27-2013,03-03-2013,03-01-2013,2,95.66,La maison d'Asie,Toulouse,31000,France
10414,FAMIA,36,2,4.65,34,0.025,2,11-02-2013,11-08-2013,11-06-2013,3,21.48,Familia Arquibaldo,Sao Paulo,05442-030,Brazil
10415,HUNGC,26,2,16.6,11,0,3,03-23-2013,04-01-2013,03-31-2013,1,0.2,Hungry Coyote Import Store,Elgin,97827,USA
10416,WARTH,38,3,16.36666667,16.66666667,0,8,02-12-2013,02-20-2013,02-18-2013,3,22.72,Wartian Herkku,Oulu,90110,Finland
10417,SIMOB,75,4,60.2,30.75,0.125,4,09-23-2015,09-26-2015,09-23-2015,3,70.29,Simons bistro,Kobenhavn,1734,Denmark
10418,QUICK,45,4,13.4,36.5,0,4,06-22-2014,06-28-2014,06-25-2014,1,17.55,QUICK-Stop,Cunewalde,1307,Germany
10419,RICSU,6,2,28,40,0.05,4,05-29-2010,06-08-2010,06-07-2010,2,137.35,Richter Supermarkt,Genève,1204,Switzerland
10420,WELLI,49,4,26.6,12.5,0.1,3,07-01-2015,07-04-2015,07-02-2015,1,44.12,Wellington Importadora,Resende,08737-363,Brazil
10421,QUEDE,32,4,17.2,14.75,0.1125,8,03-10-2014,03-17-2014,03-15-2014,1,99.23,Que Delícia,Rio de Janeiro,02389-673,Brazil
10422,FRANS,16,1,24.9,2,0,2,07-14-2010,07-22-2010,07-19-2010,1,3.02,Franchi S.p.A.,Torino,10100,Italy
10423,GOURL,33,2,27,17,0,6,06-29-2014,07-09-2014,07-08-2014,3,24.5,Gourmet Lanchonetes,Campinas,04876-786,Brazil
10424,MEREP,58,3,78.4,46.33333333,0.2,7,12-19-2014,12-28-2014,12-26-2014,2,370.61,Mère Paillarde,Montréal,H1J 1C3,Canada
10425,LAMAI,28,2,16.8,15,0.25,6,04-14-2015,04-23-2015,04-20-2015,2,7.93,La maison d'Asie,Toulouse,31000,France
10426,GALED,73,2,28.5,6,0,4,06-07-2012,06-17-2012,06-16-2012,1,18.69,Galería del gastronómo,Barcelona,8022,Spain
10427,PICCO,10,1,18.6,35,0,4,10-26-2013,11-04-2013,11-02-2013,2,31.29,Piccolo und mehr,Salzburg,5020,Austria
10428,REGGC,47,1,9.6,20,0,7,01-09-2011,01-18-2011,01-15-2011,1,11.09,Reggiani Caseifici,Reggio Emilia,42100,Italy
10429,HUNGO,31,2,24.05,37.5,0.125,3,10-13-2010,10-22-2010,10-21-2010,2,56.63,Hungry Owl All-Night Grocers,Cork,NULL,Ireland
10430,ERNSH,32,4,28.4,48.75,0.1,4,10-26-2014,11-03-2014,10-31-2014,1,458.78,Ernst Handel,Graz,8010,Austria
10431,BOTTM,65,3,17.83333333,43.33333333,0.25,4,02-16-2010,02-19-2010,02-18-2010,2,44.17,Bottom-Dollar Markets,Tsawassen,T2F 8M4,Canada
10432,SPLIR,40,2,15.4,25,0,3,07-22-2010,07-28-2010,07-27-2010,2,4.34,Split Rail Beer & Ale,Lander,82520,USA
10433,PRINI,16,1,30.4,28,0,3,08-20-2013,08-24-2013,08-21-2013,3,73.83,Princesa Isabel Vinhos,Lisboa,1756,Portugal
10434,FOLKO,28,2,15.6,12,0.075,3,11-11-2012,11-15-2012,11-13-2012,2,17.92,Folk och fä HB,Bräcke,S-844 67,Sweden
10435,CONSH,54,3,19.93333333,10.66666667,0,8,01-25-2013,02-01-2013,01-29-2013,2,9.21,Consolidated Holdings,London,WX1 6LT,UK
10436,BLONP,37,4,18.2,24.75,0.075,3,03-20-2011,03-29-2011,03-27-2011,2,156.66,Blondel père et fils,Strasbourg,67000,France
10437,WARTH,15,1,26.2,15,0,8,11-19-2012,11-27-2012,11-24-2012,1,19.97,Wartian Herkku,Oulu,90110,Finland
10438,TOMSP,69,3,11.36666667,16.66666667,0.2,3,06-25-2013,07-05-2013,07-04-2013,2,8.24,Toms Spezialitäten,Münster,44087,Germany
10439,MEREP,4,4,19.725,16.75,0,6,09-18-2011,09-26-2011,09-23-2011,3,4.07,Mère Paillarde,Montréal,H1J 1C3,Canada
10440,SAVEA,1,4,37.725,52,0.15,4,07-20-2013,07-24-2013,07-23-2013,2,86.53,Save-a-lot Markets,Boise,83720,USA
10441,OLDWO,69,1,35.1,50,0,3,02-20-2010,02-23-2010,02-22-2010,2,73.02,Old World Delicatessen,Anchorage,99508,USA
10442,ERNSH,64,3,12.1,56.66666667,0,3,12-12-2013,12-18-2013,12-16-2013,2,47.94,Ernst Handel,Graz,8010,Austria
10443,REGGC,36,2,26.6,9,0.1,8,12-08-2010,12-16-2010,12-13-2010,1,13.95,Reggiani Caseifici,Reggio Emilia,42100,Italy
10444,BERGS,50,4,19.55,15.75,0,3,02-28-2013,03-07-2013,03-04-2013,3,3.5,Berglunds snabbköp,Luleå,S-958 22,Sweden
10445,BERGS,28,2,10.15,10.5,0,3,10-28-2013,11-01-2013,10-30-2013,1,9.3,Berglunds snabbköp,Luleå,S-958 22,Sweden
10446,TOMSP,52,4,6.625,12.5,0.1,6,09-01-2014,09-09-2014,09-07-2014,1,14.68,Toms Spezialitäten,Münster,44087,Germany
10447,RICAR,73,3,13.76666667,25.66666667,0,4,12-12-2013,12-22-2013,12-19-2013,2,68.66,Ricardo Adocicados,Rio de Janeiro,02389-890,Brazil
10448,RANCH,64,2,19.8,13,0,4,04-10-2015,04-16-2015,04-15-2015,2,38.82,Rancho grande,Buenos Aires,1010,Argentina
10449,BLONP,56,3,23.26666667,23,0,3,05-20-2012,05-30-2012,05-28-2012,2,53.3,Blondel père et fils,Strasbourg,67000,France
10450,VICTE,27,2,15.35,13,0.2,8,02-22-2014,03-03-2014,02-28-2014,2,7.23,Victuailles en stock,Lyon,69004,France
10451,QUICK,42,4,18.25,59.5,0.1,4,01-18-2014,01-22-2014,01-21-2014,3,189.09,QUICK-Stop,Cunewalde,1307,Germany
10452,SAVEA,5,2,25.95,57.5,0.025,8,05-14-2010,05-24-2010,05-22-2010,1,140.26,Save-a-lot Markets,Boise,83720,USA
10453,AROUT,39,2,11.1,20,0.1,1,07-04-2010,07-10-2010,07-08-2010,2,25.36,Around the Horn,Colchester,CO7 6JX,UK
10454,LAMAI,68,3,8.5,16.66666667,0.2,4,08-19-2012,08-27-2012,08-24-2012,3,2.74,La maison d'Asie,Toulouse,31000,France
10455,WARTH,50,4,20.15,31.25,0,8,03-27-2011,03-31-2011,03-28-2011,2,180.45,Wartian Herkku,Oulu,90110,Finland
10456,KOENE,8,2,12,30.5,0.15,8,09-19-2012,09-26-2012,09-23-2012,2,8.12,Königlich Essen,Brandenburg,14776,Germany
10457,KOENE,74,1,44,36,0,2,04-08-2015,04-17-2015,04-14-2015,1,11.57,Königlich Essen,Brandenburg,14776,Germany
10458,SUPRD,46,5,29.14,29,0,7,11-25-2012,11-30-2012,11-28-2012,3,147.06,Suprêmes délices,Charleroi,B-6000,Belgium
10459,VICTE,11,3,20.46666667,25.33333333,0.033333333,4,09-17-2014,09-21-2014,09-20-2014,2,25.09,Victuailles en stock,Lyon,69004,France
10460,FOLKO,31,2,8.1,12.5,0.25,8,08-24-2015,09-01-2015,08-30-2015,1,16.27,Folk och fä HB,Bräcke,S-844 67,Sweden
10461,LILAS,23,3,15.96666667,42.66666667,0.25,1,06-09-2013,06-13-2013,06-10-2013,3,148.61,LILA-Supermercado,Barquisimeto,3508,Venezuela
10462,CONSH,35,2,6,11,0,2,07-02-2014,07-06-2014,07-04-2014,1,6.17,Consolidated Holdings,London,WX1 6LT,UK
10463,SUPRD,52,2,9.25,35.5,0,5,09-22-2015,10-02-2015,10-01-2015,3,14.78,Suprêmes délices,Charleroi,B-6000,Belgium
10464,FURIB,75,4,28,17.25,0.1,4,02-21-2012,02-28-2012,02-27-2012,2,89,Furia Bacalhau e Frutos do Mar,Lisboa,1675,Portugal
10465,VAFFE,7,5,27.58,23.6,0.04,1,07-02-2012,07-07-2012,07-06-2012,3,145.04,Vaffeljernet,Århus,8200,Denmark
10466,COMMI,44,2,13.2,7.5,0,4,06-08-2011,06-15-2011,06-13-2011,1,11.93,Comércio Mineiro,Sao Paulo,05432-043,Brazil
10467,MAGAA,47,2,7.4,20,0,8,06-18-2011,06-22-2011,06-19-2011,2,4.93,Magazzini Alimentari Riuniti,Bergamo,24100,Italy
10468,KOENE,58,2,28.75,11.5,0,3,11-08-2013,11-17-2013,11-15-2013,3,44.12,Königlich Essen,Brandenburg,14776,Germany
10469,WHITC,69,3,14.86666667,25.66666667,0.15,1,05-12-2014,05-22-2014,05-20-2014,1,60.18,White Clover Markets,Seattle,98124,USA
10470,BONAP,53,3,27.93333333,17.66666667,0,4,08-28-2015,09-05-2015,09-02-2015,2,64.56,Bon app',Marseille,13008,France
10471,BSBEV,60,2,27.2,25,0,2,07-11-2012,07-21-2012,07-20-2012,3,45.59,B's Beverages,London,EC2 5NT,UK
10472,SEVES,7,2,23,49,0.025,8,09-09-2014,09-17-2014,09-14-2014,1,4.2,Seven Seas Imports,London,OX15 4NB,UK
10473,ISLAT,71,2,9.6,12,0,1,04-21-2013,04-27-2013,04-26-2013,3,16.37,Island Trading,Cowes,PO31 7PJ,UK
10474,PERIC,67,4,18.975,15.25,0,5,01-27-2011,02-01-2011,01-30-2011,2,83.49,Pericles Comidas clásicas,México D.F.,5033,Mexico
10475,SUPRD,49,3,12.66666667,45.66666667,0.15,9,04-24-2010,04-28-2010,04-25-2010,1,68.52,Suprêmes délices,Charleroi,B-6000,Belgium
10476,HILAA,13,2,15.6,7,0.025,8,09-28-2012,10-05-2012,10-02-2012,3,4.41,HILARION-Abastos,San Cristóbal,5022,Venezuela
10477,PRINI,55,3,12.26666667,18.66666667,0.166666667,5,04-08-2015,04-18-2015,04-16-2015,2,13.02,Princesa Isabel Vinhos,Lisboa,1756,Portugal
10478,VICTE,73,1,24.8,20,0.05,2,07-16-2010,07-20-2010,07-18-2010,3,4.81,Victuailles en stock,Lyon,69004,France
10479,RATTC,24,4,76.9,37,0,3,04-24-2012,05-02-2012,04-29-2012,3,708.95,Rattlesnake Canyon Grocery,Albuquerque,87110,USA
10480,FOLIG,63,2,25.8,21,0,6,03-31-2015,04-08-2015,04-05-2015,2,1.35,Folies gourmandes,Lille,59000,France
10481,RICAR,35,2,21.6,32,0,8,12-31-2011,01-04-2012,01-02-2012,2,64.33,Ricardo Adocicados,Rio de Janeiro,02389-890,Brazil
10482,LAZYK,11,1,14.7,10,0,1,05-16-2010,05-24-2010,05-22-2010,3,7.48,Lazy K Kountry Store,Walla Walla,99362,USA
10483,WHITC,33,2,10.8,32.5,0.05,7,10-09-2014,10-13-2014,10-10-2014,2,15.28,White Clover Markets,Seattle,98124,USA
10484,BSBEV,40,3,21.7,9,0,3,11-21-2010,11-24-2010,11-22-2010,3,6.88,B's Beverages,London,EC2 5NT,UK
10485,LINOD,50,4,13.6,32.5,0.1,4,01-02-2014,01-05-2014,01-02-2014,2,64.45,LINO-Delicateses,I. de Margarita,4980,Venezuela
10486,HILAA,35,3,22.4,15.33333333,0,1,01-20-2015,01-30-2015,01-27-2015,2,30.53,HILARION-Abastos,San Cristóbal,5022,Venezuela
10487,QUEEN,46,3,12.7,19.66666667,0.083333333,2,11-30-2013,12-04-2013,12-01-2013,2,71.07,Queen Cozinha,Sao Paulo,05487-020,Brazil
10488,FRANK,25,2,28,25,0.1,8,10-08-2013,10-13-2013,10-11-2013,2,4.93,Frankenversand,München,80805,Germany
10489,PICCO,7,2,15.35,16.5,0.125,6,03-19-2015,03-28-2015,03-25-2015,2,5.29,Piccolo und mehr,Salzburg,5020,Austria
10490,HILAA,63,3,20.06666667,42,0,7,07-09-2010,07-12-2010,07-11-2010,2,210.19,HILARION-Abastos,San Cristóbal,5022,Venezuela
10491,FURIB,52,2,12.95,11,0.15,8,07-27-2013,08-03-2013,08-01-2013,3,16.96,Furia Bacalhau e Frutos do Mar,Lisboa,1675,Portugal
10492,BOTTM,65,2,11.2,40,0.05,3,09-08-2015,09-13-2015,09-12-2015,1,62.89,Bottom-Dollar Markets,Tsawassen,T2F 8M4,Canada
10493,LAMAI,17,3,19.73333333,11.66666667,0.1,4,11-27-2013,11-30-2013,11-29-2013,3,10.64,La maison d'Asie,Toulouse,31000,France
10494,COMMI,38,1,30.4,30,0,4,08-26-2013,09-03-2013,08-31-2013,2,65.99,Comércio Mineiro,Sao Paulo,05432-043,Brazil
10495,LAUGB,54,3,8.433333333,11.66666667,0,3,01-02-2013,01-06-2013,01-05-2013,3,4.65,Laughing Bacchus Wine Cellars,Vancouver,V3F 2K1,Canada
10496,TRADH,59,1,10,20,0.05,7,10-19-2011,10-28-2011,10-27-2011,2,46.77,Tradiçao Hipermercados,Sao Paulo,05634-030,Brazil
10497,LEHMS,55,3,22.86666667,21.33333333,0,7,02-03-2015,02-07-2015,02-05-2015,1,36.21,Lehmanns Marktstand,Frankfurt a.M.,60528,Germany
10498,HILAA,4,3,12.3,16.33333333,0,8,12-21-2010,12-29-2010,12-28-2010,2,29.75,HILARION-Abastos,San Cristóbal,5022,Venezuela
10499,LILAS,8,2,32.8,22.5,0,4,12-27-2015,01-03-2016,12-31-2015,2,102.02,LILA-Supermercado,Barquisimeto,3508,Venezuela
10500,LAMAI,22,2,30.55,10,0.05,6,11-14-2012,11-19-2012,11-18-2012,1,42.68,La maison d'Asie,Toulouse,31000,France
10501,BLAUS,58,1,7.45,20,0,9,01-30-2013,02-05-2013,02-02-2013,3,8.85,Blauer See Delikatessen,Mannheim,68306,Germany
10502,PERIC,23,3,18.76666667,19,0,2,07-02-2011,07-10-2011,07-07-2011,1,69.32,Pericles Comidas clásicas,México D.F.,5033,Mexico
10503,HUNGO,38,2,22.15,45,0,6,12-30-2015,01-08-2016,01-07-2016,2,16.74,Hungry Owl All-Night Grocers,Cork,NULL,Ireland
10504,WHITC,18,4,22.575,14.75,0,4,11-16-2011,11-19-2011,11-17-2011,3,59.13,White Clover Markets,Seattle,98124,USA
10505,MEREP,58,1,49.3,3,0,3,07-03-2014,07-09-2014,07-06-2014,3,7.13,Mère Paillarde,Montréal,H1J 1C3,Canada
10506,KOENE,34,2,14.5,16,0.1,9,05-31-2013,06-03-2013,05-31-2013,2,21.19,Königlich Essen,Brandenburg,14776,Germany
10507,ANTON,14,2,29.375,15,0.15,7,10-14-2014,10-17-2014,10-16-2014,1,47.45,Antonio Moreno Taquería,México D.F.,5023,Mexico
10508,OTTIK,49,2,12,10,0,1,09-14-2010,09-17-2010,09-14-2010,2,4.99,Ottilies Käseladen,Köln,50739,Germany
10509,BLAUS,19,1,45.6,3,0,4,10-01-2012,10-06-2012,10-03-2012,1,0.15,Blauer See Delikatessen,Mannheim,68306,Germany
10510,SAVEA,43,2,65.77,36,0.05,6,12-20-2011,12-29-2011,12-26-2011,3,367.63,Save-a-lot Markets,Boise,83720,USA
10511,BONAP,44,3,30.66666667,36.66666667,0.15,4,06-15-2015,06-18-2015,06-16-2015,3,350.64,Bon app',Marseille,13008,France
10512,FAMIA,26,4,15,9.25,0.15,7,03-02-2014,03-11-2014,03-08-2014,2,3.53,Familia Arquibaldo,Sao Paulo,05442-030,Brazil
10513,WANDK,44,3,23.5,35,0.2,7,02-11-2010,02-19-2010,02-18-2010,1,105.65,Die Wandernde Kuh,Stuttgart,70563,Germany
10514,ERNSH,4,5,38.68,46.6,0,3,12-15-2014,12-18-2014,12-15-2014,2,789.95,Ernst Handel,Graz,8010,Austria
10515,QUICK,53,5,38.97,57.2,0.09,2,04-18-2010,04-26-2010,04-24-2010,1,204.47,QUICK-Stop,Cunewalde,1307,Germany
10516,HUNGO,31,3,28.71666667,41.66666667,0.066666667,2,05-22-2012,05-28-2012,05-26-2012,3,62.78,Hungry Owl All-Night Grocers,Cork,NULL,Ireland
10517,NORTS,26,3,25.66666667,5.333333333,0,3,08-29-2012,09-04-2012,09-03-2012,3,32.07,North/South,London,SW7 1RZ,UK
10518,TORTU,66,3,95.81666667,9.666666667,0,4,10-29-2010,11-04-2010,11-02-2010,2,218.15,Tortuga Restaurante,México D.F.,5033,Mexico
10519,CHOPS,8,3,34.33333333,22,0.033333333,6,11-30-2010,12-03-2010,12-01-2010,3,91.76,Chop-suey Chinese,Bern,3012,Switzerland
10520,SANTG,9,2,18.65,6.5,0,7,02-22-2010,03-03-2010,03-01-2010,1,13.37,Santé Gourmet,Stavern,4110,Norway
10521,CACTU,56,3,13.38333333,6.333333333,0,8,05-21-2015,05-26-2015,05-25-2015,2,17.22,Cactus Comidas para llevar,Buenos Aires,1010,Argentina
10522,LEHMS,46,4,25.5725,27.25,0.15,4,01-27-2014,02-02-2014,01-31-2014,1,45.33,Lehmanns Marktstand,Frankfurt a.M.,60528,Germany
10523,SEVES,49,4,38.9125,16,0.1,7,10-08-2010,10-18-2010,10-16-2010,2,77.63,Seven Seas Imports,London,OX15 4NB,UK
10524,BERGS,17,4,27.585,21.75,0,1,08-07-2011,08-17-2011,08-16-2011,2,244.79,Berglunds snabbköp,Luleå,S-958 22,Sweden
10525,BONAP,47,2,18.7,22.5,0.05,1,03-01-2012,03-05-2012,03-02-2012,2,11.06,Bon app',Marseille,13008,France
10526,WARTH,49,3,20.66666667,16,0.1,4,01-01-2012,01-06-2012,01-03-2012,2,58.59,Wartian Herkku,Oulu,90110,Finland
10527,QUICK,13,2,20.5,40,0.1,7,05-14-2015,05-20-2015,05-19-2015,1,41.9,QUICK-Stop,Cunewalde,1307,Germany
10528,GREAL,24,3,19.43333333,6.666666667,0.066666667,6,12-31-2015,01-10-2016,01-08-2016,2,3.35,Great Lakes Food Market,Eugene,97403,USA
10529,MAISD,68,3,24.16666667,14.66666667,0,5,07-28-2010,08-07-2010,08-05-2010,2,66.69,Maison Dewey,Bruxelles,B-1180,Belgium
10530,PICCO,20,4,32.875,33.75,0,3,07-15-2010,07-24-2010,07-23-2010,2,339.22,Piccolo und mehr,Salzburg,5020,Austria
10531,OCEAN,64,1,55,2,0,7,03-17-2010,03-20-2010,03-18-2010,1,8.12,Océano Atlántico Ltda.,Buenos Aires,1010,Argentina
10532,EASTC,42,2,21.445,19.5,0,7,04-25-2012,05-05-2012,05-02-2012,3,74.46,Eastern Connection,London,WX3 6FW,UK
10533,FOLKO,19,3,23.93333333,32.66666667,0.033333333,8,02-25-2015,03-02-2015,03-01-2015,1,188.04,Folk och fä HB,Bräcke,S-844 67,Sweden
10534,LEHMS,28,3,17.24666667,10,0.133333333,8,05-20-2015,05-28-2015,05-25-2015,2,27.94,Lehmanns Marktstand,Frankfurt a.M.,60528,Germany
10535,ANTON,23,4,28.475,20,0.1,4,09-27-2014,10-03-2014,10-01-2014,1,15.64,Antonio Moreno Taquería,México D.F.,5023,Mexico
10536,LEHMS,25,4,21.75,25,0.125,3,02-20-2014,02-27-2014,02-26-2014,2,58.88,Lehmanns Marktstand,Frankfurt a.M.,60528,Germany
10537,RICSU,9,5,25.71,17.2,0,1,04-07-2015,04-13-2015,04-10-2015,1,78.85,Richter Supermarkt,Genève,1204,Switzerland
10538,BSBEV,25,2,24.9,4,0,9,01-20-2015,01-26-2015,01-24-2015,3,4.87,B's Beverages,London,EC2 5NT,UK
10539,BSBEV,54,4,9.625,11,0,6,03-05-2012,03-12-2012,03-10-2012,3,12.36,B's Beverages,London,EC2 5NT,UK
10540,QUICK,66,4,79.3075,41.25,0,3,11-14-2013,11-21-2013,11-18-2013,3,1007.64,QUICK-Stop,Cunewalde,1307,Germany
10541,HANAR,41,4,77.6375,21,0.1,2,12-26-2012,01-05-2013,01-03-2013,1,68.65,Hanari Carnes,Rio de Janeiro,05454-876,Brazil
10542,KOENE,65,2,14.225,19.5,0.05,1,10-07-2012,10-15-2012,10-12-2012,3,10.95,Königlich Essen,Brandenburg,14776,Germany
10543,LILAS,44,2,23.5,50,0.15,8,04-14-2015,04-17-2015,04-16-2015,2,48.17,LILA-Supermercado,Barquisimeto,3508,Venezuela
10544,LONEP,5,2,29.8,7,0,4,11-21-2013,11-29-2013,11-26-2013,1,24.91,Lonesome Pine Restaurant,Portland,97219,USA
10545,LAZYK,64,1,21,10,0,8,07-17-2010,07-27-2010,07-25-2010,2,11.92,Lazy K Kountry Store,Walla Walla,99362,USA
10546,VICTE,60,3,32.43333333,26.66666667,0,1,10-24-2011,10-28-2011,10-27-2011,3,194.72,Victuailles en stock,Lyon,69004,France
10547,SEVES,24,2,25.5,42,0.075,3,02-15-2015,02-21-2015,02-20-2015,2,178.43,Seven Seas Imports,London,OX15 4NB,UK
10548,TOMSP,28,2,11.825,12,0.125,3,03-13-2012,03-18-2012,03-15-2012,2,1.43,Toms Spezialitäten,Münster,44087,Germany
10549,QUICK,19,3,25,67.66666667,0.15,5,09-21-2012,09-29-2012,09-28-2012,1,171.24,QUICK-Stop,Cunewalde,1307,Germany
10550,GODOS,67,4,21.675,8.5,0.075,7,08-19-2013,08-27-2013,08-24-2013,3,4.32,Godos Cocina Típica,Sevilla,41101,Spain
10551,FURIB,10,3,18.3,33.33333333,0.1,4,02-15-2010,02-21-2010,02-20-2010,3,72.95,Furia Bacalhau e Frutos do Mar,Lisboa,1675,Portugal
10552,HILAA,21,2,21.875,24,0,2,07-10-2014,07-14-2014,07-11-2014,1,83.22,HILARION-Abastos,San Cristóbal,5022,Venezuela
10553,WARTH,55,5,17.99,17.8,0,2,06-15-2010,06-22-2010,06-19-2010,2,149.49,Wartian Herkku,Oulu,90110,Finland
10554,OTTIK,31,4,22.1875,20,0.05,4,02-07-2011,02-10-2011,02-07-2011,3,120.97,Ottilies Käseladen,Köln,50739,Germany
10555,SAVEA,56,5,25.59,28.6,0.2,6,08-17-2014,08-23-2014,08-20-2014,3,252.49,Save-a-lot Markets,Boise,83720,USA
10556,SIMOB,21,1,34.8,24,0,2,07-09-2012,07-15-2012,07-13-2012,1,9.8,Simons bistro,Kobenhavn,1734,Denmark
10557,LEHMS,43,2,20.5,25,0,9,09-14-2014,09-18-2014,09-15-2014,2,96.72,Lehmanns Marktstand,Frankfurt a.M.,60528,Germany
10558,AROUT,54,5,23.46,19.2,0,1,08-17-2012,08-24-2012,08-22-2012,2,72.97,Around the Horn,Colchester,CO7 6JX,UK
10559,BLONP,4,2,16.825,15,0.05,6,06-03-2015,06-12-2015,06-09-2015,1,8.05,Blondel père et fils,Strasbourg,67000,France
10560,FRANK,21,2,37.595,17.5,0.125,8,12-26-2012,01-05-2013,01-04-2013,1,36.65,Frankenversand,München,80805,Germany
10561,FOLKO,62,2,36.225,30,0,2,12-03-2011,12-08-2011,12-06-2011,2,242.21,Folk och fä HB,Bräcke,S-844 67,Sweden
10562,REGGC,76,2,25.9,15,0.1,1,10-04-2012,10-07-2012,10-05-2012,1,22.95,Reggiani Caseifici,Reggio Emilia,42100,Italy
10563,RICAR,39,2,13,47.5,0,2,06-24-2014,07-01-2014,06-30-2014,2,60.43,Ricardo Adocicados,Rio de Janeiro,02389-890,Brazil
10564,RATTC,39,3,25.16666667,15.66666667,0.05,4,10-08-2011,10-15-2011,10-14-2011,3,13.75,Rattlesnake Canyon Grocery,Albuquerque,87110,USA
10565,MEREP,22,2,18.875,21.5,0.1,8,03-16-2010,03-25-2010,03-22-2010,2,7.15,Mère Paillarde,Montréal,H1J 1C3,Canada
10566,BLONP,20,3,33.83333333,21,0.1,9,12-08-2010,12-12-2010,12-10-2010,1,88.4,Blondel père et fils,Strasbourg,67000,France
10567,HUNGO,71,3,40.16666667,34.33333333,0.133333333,1,05-15-2015,05-20-2015,05-18-2015,1,33.97,Hungry Owl All-Night Grocers,Cork,NULL,Ireland
10568,GALED,22,1,31,5,0,3,03-13-2015,03-20-2015,03-19-2015,3,6.54,Galería del gastronómo,Barcelona,8022,Spain
10569,RATTC,6,2,15.25,32.5,0.1,5,12-24-2010,01-01-2011,12-31-2010,1,58.98,Rattlesnake Canyon Grocery,Albuquerque,87110,USA
10570,MEREP,36,2,29.5,37.5,0.05,3,06-02-2011,06-12-2011,06-11-2011,3,188.99,Mère Paillarde,Montréal,H1J 1C3,Canada
10571,ERNSH,53,2,18.625,19.5,0.15,8,01-11-2015,01-16-2015,01-15-2015,3,26.06,Ernst Handel,Graz,8010,Austria
10572,BERGS,16,4,18.9,21.75,0.075,3,06-03-2010,06-13-2010,06-11-2010,2,116.43,Berglunds snabbköp,Luleå,S-958 22,Sweden
10573,ANTON,11,3,28.6,27.66666667,0,7,05-29-2010,06-01-2010,05-30-2010,3,84.84,Antonio Moreno Taquería,México D.F.,5023,Mexico
10574,TRAIH,64,4,25.8625,8,0,4,05-07-2010,05-12-2010,05-09-2010,2,37.6,Trail's Head Gourmet Provisioners,Kirkland,98034,USA
10575,MORGK,16,4,37.925,14.5,0,5,10-19-2011,10-25-2011,10-22-2011,1,127.34,Morgenstern Gesundkost,Leipzig,4179,Germany
10576,TORTU,58,3,16.65,17,0,3,02-16-2015,02-25-2015,02-23-2015,3,18.56,Tortuga Restaurante,México D.F.,5033,Mexico
10577,TRAIH,42,3,12.91666667,16,0,9,07-23-2010,07-27-2010,07-24-2010,2,25.41,Trail's Head Gourmet Provisioners,Kirkland,98034,USA
10578,BSBEV,65,2,18.75,13,0,4,12-12-2011,12-19-2011,12-18-2011,3,29.6,B's Beverages,London,EC2 5NT,UK
10579,LETSS,48,2,11.625,15.5,0,1,11-10-2014,11-14-2014,11-12-2014,2,13.73,Let's Stop N Shop,San Francisco,94117,USA
10580,OTTIK,26,3,17.98333333,18,0.05,4,07-09-2012,07-13-2012,07-11-2012,3,75.89,Ottilies Käseladen,Köln,50739,Germany
10581,FAMIA,52,1,7.75,50,0.2,3,10-12-2010,10-15-2010,10-12-2010,1,3.01,Familia Arquibaldo,Sao Paulo,05442-030,Brazil
10582,BLAUS,24,2,18.75,9,0,3,04-09-2013,04-17-2013,04-16-2013,2,27.71,Blauer See Delikatessen,Mannheim,68306,Germany
10583,WARTH,68,3,64.59666667,14.66666667,0.1,2,11-25-2012,11-28-2012,11-27-2012,2,7.28,Wartian Herkku,Oulu,90110,Finland
10584,BLONP,14,1,12.5,50,0.05,4,04-01-2011,04-04-2011,04-03-2011,1,59.14,Blondel père et fils,Strasbourg,67000,France
10585,WELLI,69,1,9.5,15,0,7,02-20-2010,02-28-2010,02-27-2010,1,13.41,Wellington Importadora,Resende,08737-363,Brazil
10586,REGGC,1,1,7,4,0.15,9,01-18-2010,01-28-2010,01-25-2010,1,0.48,Reggiani Caseifici,Reggio Emilia,42100,Italy
10587,QUEDE,63,3,20.74333333,15.33333333,0,1,08-22-2011,08-28-2011,08-25-2011,1,62.52,Que Delícia,Rio de Janeiro,02389-673,Brazil
10588,QUICK,23,2,38.25,70,0.2,2,08-24-2010,08-28-2010,08-26-2010,3,194.67,QUICK-Stop,Cunewalde,1307,Germany
10589,GREAL,65,1,18,4,0,8,11-23-2015,12-02-2015,11-29-2015,2,4.42,Great Lakes Food Market,Eugene,97403,USA
10590,MEREP,47,2,15.5,40,0.025,4,05-30-2012,06-08-2012,06-06-2012,3,44.77,Mère Paillarde,Montréal,H1J 1C3,Canada
10591,VAFFE,25,3,15.81666667,24.66666667,0,1,11-21-2014,11-30-2014,11-29-2014,1,55.92,Vaffeljernet,Århus,8200,Denmark
10592,LEHMS,41,2,23.365,15,0.05,3,02-02-2015,02-09-2015,02-07-2015,1,32.1,Lehmanns Marktstand,Frankfurt a.M.,60528,Germany
10593,LEHMS,68,3,45,15,0.2,7,01-01-2014,01-06-2014,01-03-2014,2,174.2,Lehmanns Marktstand,Frankfurt a.M.,60528,Germany
10594,OLDWO,39,2,10.125,27,0,3,03-08-2011,03-13-2011,03-12-2011,2,5.24,Old World Delicatessen,Anchorage,99508,USA
10595,ERNSH,38,3,27.5,71.66666667,0.25,2,03-06-2010,03-14-2010,03-12-2010,1,96.78,Ernst Handel,Graz,8010,Austria
10596,WHITC,29,3,29.88333333,19.66666667,0.2,8,02-07-2010,02-10-2010,02-09-2010,1,16.34,White Clover Markets,Seattle,98124,USA
10597,PICCO,17,3,15.01666667,22.33333333,0.133333333,7,08-12-2012,08-19-2012,08-16-2012,3,35.12,Piccolo und mehr,Salzburg,5020,Austria
10598,RATTC,28,2,32.7,29.5,0,1,02-02-2012,02-07-2012,02-06-2012,3,44.42,Rattlesnake Canyon Grocery,Albuquerque,87110,USA
10599,BSBEV,43,1,49.3,10,0,6,09-06-2015,09-12-2015,09-09-2015,3,29.98,B's Beverages,London,EC2 5NT,UK
10600,HUNGC,4,2,11.225,17,0,4,09-06-2015,09-09-2015,09-08-2015,1,45.13,Hungry Coyote Import Store,Elgin,97827,USA
10601,HILAA,55,2,30.5,47.5,0,7,08-13-2014,08-20-2014,08-19-2014,1,58.3,HILARION-Abastos,San Cristóbal,5022,Venezuela
10602,VAFFE,2,1,13,5,0.25,8,11-04-2013,11-11-2013,11-09-2013,2,2.92,Vaffeljernet,Århus,8200,Denmark
10603,SAVEA,8,2,20.5,36.5,0.025,8,06-09-2012,06-16-2012,06-13-2012,2,48.77,Save-a-lot Markets,Boise,83720,USA
10604,FURIB,72,2,15.375,8,0.1,1,04-13-2011,04-21-2011,04-19-2011,1,7.46,Furia Bacalhau e Frutos do Mar,Lisboa,1675,Portugal
10605,MEREP,4,4,31.9875,33.75,0.05,1,03-15-2015,03-25-2015,03-22-2015,2,379.13,Mère Paillarde,Montréal,H1J 1C3,Canada
10606,TRADH,46,3,31.76666667,16.66666667,0.2,4,01-12-2012,01-18-2012,01-17-2012,3,79.4,Tradiçao Hipermercados,Sao Paulo,05634-030,Brazil
10607,SAVEA,19,5,24.94,42.6,0,5,01-08-2011,01-11-2011,01-09-2011,1,200.24,Save-a-lot Markets,Boise,83720,USA
10608,TOMSP,29,1,38,28,0,4,01-10-2013,01-18-2013,01-16-2013,2,27.79,Toms Spezialitäten,Münster,44087,Germany
10609,DUMON,43,3,19.66666667,6.333333333,0,7,01-25-2013,01-28-2013,01-26-2013,2,1.85,Du monde entier,Nantes,44000,France
10610,LAMAI,45,1,19,21,0.25,8,04-16-2012,04-21-2012,04-18-2012,1,26.78,La maison d'Asie,Toulouse,31000,France
10611,WOLZA,13,3,23.66666667,10.33333333,0,6,04-03-2013,04-13-2013,04-11-2013,2,80.65,Wolski Zajazd,Warszawa,01-012,Poland
10612,SAVEA,61,5,24.4,52.6,0,1,08-25-2011,08-29-2011,08-27-2011,2,544.08,Save-a-lot Markets,Boise,83720,USA
10613,HILAA,26,2,6.875,24,0.05,4,11-18-2010,11-25-2010,11-22-2010,2,8.11,HILARION-Abastos,San Cristóbal,5022,Venezuela
10614,BLAUS,44,3,16.33333333,9,0,8,04-26-2013,05-04-2013,05-02-2013,3,1.93,Blauer See Delikatessen,Mannheim,68306,Germany
10615,WILMK,7,1,24,5,0,2,01-21-2014,01-26-2014,01-25-2014,3,0.75,Wilman Kala,Helsinki,21240,Finland
10616,GREAL,21,4,84.5,14.75,0.0375,1,10-17-2010,10-20-2010,10-19-2010,2,116.53,Great Lakes Food Market,Eugene,97403,USA
10617,GREAL,52,1,55,30,0.15,4,12-27-2010,01-06-2011,01-05-2011,2,18.53,Great Lakes Food Market,Eugene,97403,USA
10618,MEREP,30,3,25.16666667,35,0,1,08-24-2011,08-29-2011,08-27-2011,1,154.68,Mère Paillarde,Montréal,H1J 1C3,Canada
10619,MEREP,60,2,15.5,41,0,3,07-27-2012,08-01-2012,07-30-2012,3,91.05,Mère Paillarde,Montréal,H1J 1C3,Canada
10620,LAUGB,1,2,5.75,5,0,2,11-25-2011,11-30-2011,11-29-2011,3,0.94,Laughing Bacchus Wine Cellars,Vancouver,V3F 2K1,Canada
10621,ISLAT,41,4,13.675,12.5,0,4,05-20-2010,05-28-2010,05-27-2010,2,23.73,Island Trading,Cowes,PO31 7PJ,UK
10622,RICAR,24,2,15.75,19,0.1,4,11-25-2013,12-01-2013,11-29-2013,3,50.97,Ricardo Adocicados,Rio de Janeiro,02389-890,Brazil
10623,FRANK,48,5,12.99,18.8,0.06,8,09-06-2015,09-12-2015,09-09-2015,2,97.18,Frankenversand,München,80805,Germany
10624,THECR,61,3,62.94666667,8.666666667,0,4,10-05-2014,10-15-2014,10-13-2014,2,94.8,The Cracker Box,Butte,59801,USA
10625,ANATR,43,3,23.75,6,0,3,01-03-2014,01-08-2014,01-07-2014,1,43.9,Ana Trujillo Emparedados y helados,México D.F.,5021,Mexico
10626,BERGS,45,3,29.43333333,17.33333333,0,1,01-18-2011,01-26-2011,01-23-2011,2,138.69,Berglunds snabbköp,Luleå,S-958 22,Sweden
10627,SAVEA,74,2,32.15,25,0.075,8,10-07-2014,10-16-2014,10-14-2014,3,107.46,Save-a-lot Markets,Boise,83720,USA
10628,BLONP,68,1,18,25,0,4,10-20-2012,10-28-2012,10-25-2012,3,30.36,Blondel père et fils,Strasbourg,67000,France
10629,GODOS,61,2,78.52,14.5,0,4,08-26-2014,08-31-2014,08-29-2014,3,85.46,Godos Cocina Típica,Sevilla,41101,Spain
10630,KOENE,58,2,21,23.5,0.025,1,01-23-2014,01-29-2014,01-27-2014,2,32.35,Königlich Essen,Brandenburg,14776,Germany
10631,LAMAI,71,1,7.75,8,0.1,8,03-30-2015,04-04-2015,04-01-2015,1,0.87,La maison d'Asie,Toulouse,31000,France
10632,WANDK,33,2,10.75,25,0.05,8,06-25-2014,06-29-2014,06-26-2014,1,41.38,Die Wandernde Kuh,Stuttgart,70563,Germany
10633,ERNSH,19,4,31.1325,41,0.15,7,03-13-2014,03-22-2014,03-19-2014,3,477.9,Ernst Handel,Graz,8010,Austria
10634,FOLIG,1,4,38.3125,25.5,0,4,12-19-2011,12-26-2011,12-24-2011,3,487.38,Folies gourmandes,Lille,59000,France
10635,MAGAA,2,3,21.45,21.66666667,0.066666667,8,08-05-2012,08-13-2012,08-11-2012,3,47.46,Magazzini Alimentari Riuniti,Bergamo,24100,Italy
10636,WARTH,17,2,17.625,15.5,0,4,05-30-2015,06-08-2015,06-07-2015,1,1.15,Wartian Herkku,Oulu,90110,Finland
10637,QUEEN,33,3,25.08333333,31.66666667,0.033333333,6,04-12-2011,04-20-2011,04-18-2011,1,201.29,Queen Cozinha,Sao Paulo,05487-020,Brazil
10638,LINOD,37,3,21.78333333,33.66666667,0,3,01-07-2013,01-11-2013,01-08-2013,1,158.44,LINO-Delicateses,I. de Margarita,4980,Venezuela
10639,SANTG,53,1,62.5,8,0,7,08-27-2014,08-30-2014,08-29-2014,3,38.64,Santé Gourmet,Stavern,4110,Norway
10640,WANDK,17,2,25.5,17.5,0.25,4,05-26-2012,05-30-2012,05-28-2012,1,23.55,Die Wandernde Kuh,Stuttgart,70563,Germany
10641,HILAA,15,2,18.7,55,0,4,03-17-2015,03-20-2015,03-18-2015,2,179.61,HILARION-Abastos,San Cristóbal,5022,Venezuela
10642,SIMOB,17,2,19.25,25,0.2,7,07-22-2010,07-27-2010,07-25-2010,3,41.89,Simons bistro,Kobenhavn,1734,Denmark
10643,ALFKI,61,3,25.2,12.66666667,0.25,6,09-17-2015,09-24-2015,09-23-2015,1,29.46,Alfreds Futterkiste,Berlin,12209,Germany
10644,WELLI,53,3,40.16666667,15,0.066666667,3,01-13-2010,01-20-2010,01-17-2010,2,0.14,Wellington Importadora,Resende,08737-363,Brazil
10645,HANAR,19,2,40.75,17.5,0,4,04-11-2014,04-16-2014,04-13-2014,1,12.41,Hanari Carnes,Rio de Janeiro,05454-876,Brazil
10646,HUNGO,24,4,20.875,24.5,0.25,9,12-26-2012,12-30-2012,12-28-2012,3,142.33,Hungry Owl All-Night Grocers,Cork,NULL,Ireland
10647,QUEDE,53,2,13.6,25,0,4,09-15-2013,09-23-2013,09-21-2013,2,45.54,Que Delícia,Rio de Janeiro,02389-673,Brazil
10648,RICAR,41,2,12.75,15,0.075,5,10-12-2010,10-16-2010,10-14-2010,2,14.25,Ricardo Adocicados,Rio de Janeiro,02389-890,Brazil
10649,MAISD,31,2,40.2,17.5,0,5,02-04-2015,02-07-2015,02-06-2015,3,6.2,Maison Dewey,Bruxelles,B-1180,Belgium
10650,FAMIA,39,3,22.04666667,28.33333333,0.016666667,5,01-09-2014,01-14-2014,01-11-2014,3,176.81,Familia Arquibaldo,Sao Paulo,05442-030,Brazil
10651,WANDK,58,2,15.1,16,0.25,8,07-27-2013,07-31-2013,07-29-2013,2,20.6,Die Wandernde Kuh,Stuttgart,70563,Germany
10652,GOURL,25,2,19.945,11,0.125,4,06-16-2011,06-21-2011,06-18-2011,2,7.14,Gourmet Lanchonetes,Campinas,04876-786,Brazil
10653,FRANK,1,2,25.725,25,0.1,1,06-10-2014,06-20-2014,06-19-2014,1,93.25,Frankenversand,München,80805,Germany
10654,BERGS,66,3,15.81666667,12.66666667,0.1,5,02-12-2011,02-18-2011,02-16-2011,1,55.26,Berglunds snabbköp,Luleå,S-958 22,Sweden
10655,REGGC,29,1,9.65,20,0.2,1,04-07-2011,04-16-2011,04-15-2011,2,4.41,Reggiani Caseifici,Reggio Emilia,42100,Italy
10656,GREAL,24,3,17.4,12.33333333,0.1,6,03-15-2011,03-24-2011,03-23-2011,1,57.15,Great Lakes Food Market,Eugene,97403,USA
10657,SAVEA,24,6,19.775,34,0,2,10-06-2014,10-10-2014,10-09-2014,2,352.69,Save-a-lot Markets,Boise,83720,USA
10658,QUICK,23,4,18.85,63.75,0.0375,4,10-04-2014,10-10-2014,10-07-2014,1,364.15,QUICK-Stop,Cunewalde,1307,Germany
10659,QUEEN,27,3,15.3,28,0.05,7,06-23-2015,07-01-2015,06-30-2015,2,105.81,Queen Cozinha,Sao Paulo,05487-020,Brazil
10660,HUNGC,30,1,81,21,0,8,04-24-2014,05-03-2014,05-02-2014,1,111.29,Hungry Coyote Import Store,Elgin,97827,USA
10661,HUNGO,28,2,15.625,26,0.2,7,08-02-2013,08-12-2013,08-09-2013,3,17.55,Hungry Owl All-Night Grocers,Cork,NULL,Ireland
10662,LONEP,74,1,12.5,10,0,3,08-21-2013,08-31-2013,08-29-2013,2,1.28,Lonesome Pine Restaurant,Portland,97219,USA
10663,BONAP,13,3,28.46666667,26.66666667,0.05,2,02-03-2010,02-13-2010,02-11-2010,2,113.15,Bon app',Marseille,13008,France
10664,FURIB,44,3,30.01666667,17,0.15,1,11-06-2015,11-12-2015,11-10-2015,3,1.27,Furia Bacalhau e Frutos do Mar,Lisboa,1675,Portugal
10665,LONEP,48,3,42,10.33333333,0,1,10-22-2010,10-27-2010,10-24-2010,2,26.31,Lonesome Pine Restaurant,Portland,97219,USA
10666,RICSU,24,2,72.42,23,0,7,04-14-2011,04-20-2011,04-18-2011,2,232.42,Richter Supermarkt,Genève,1204,Switzerland
10667,ERNSH,48,2,28.75,29.5,0.2,7,07-23-2011,07-30-2011,07-28-2011,1,78.09,Ernst Handel,Graz,8010,Austria
10668,WANDK,12,3,23.25,9,0.1,1,07-22-2011,07-31-2011,07-28-2011,2,47.22,Die Wandernde Kuh,Stuttgart,70563,Germany
10669,SIMOB,26,1,19,30,0,2,05-04-2014,05-09-2014,05-06-2014,1,24.39,Simons bistro,Kobenhavn,1734,Denmark
10670,FRANK,28,5,11.55,38.4,0,4,06-24-2010,07-03-2010,06-30-2010,1,203.48,Frankenversand,München,80805,Germany
10671,FRANR,48,3,29.26666667,10.66666667,0,1,03-31-2012,04-07-2012,04-04-2012,1,30.34,France restauration,Nantes,44000,France
10672,BERGS,65,2,142.5,13.5,0.05,9,10-24-2012,11-03-2012,11-01-2012,2,95.75,Berglunds snabbköp,Luleå,S-958 22,Sweden
10673,WILMK,60,3,25.81666667,5,0,2,12-15-2011,12-19-2011,12-16-2011,1,22.76,Wilman Kala,Helsinki,21240,Finland
10674,ISLAT,47,1,9,5,0,4,04-03-2013,04-11-2013,04-10-2013,2,0.9,Island Trading,Cowes,PO31 7PJ,UK
10675,FRANK,69,3,23.1,23.33333333,0,5,01-18-2014,01-28-2014,01-25-2014,2,31.85,Frankenversand,München,80805,Germany
10676,TORTU,42,3,19.88333333,10,0,2,09-04-2012,09-07-2012,09-05-2012,2,2.01,Tortuga Restaurante,México D.F.,5033,Mexico
10677,ANTON,56,2,16.865,19,0.15,1,02-22-2012,02-25-2012,02-22-2012,3,4.03,Antonio Moreno Taquería,México D.F.,5023,Mexico
10678,SAVEA,13,4,14.4,70,0,7,08-26-2014,08-29-2014,08-27-2014,3,388.98,Save-a-lot Markets,Boise,83720,USA
10679,BLONP,40,1,55,12,0,8,09-05-2010,09-08-2010,09-07-2010,3,27.94,Blondel père et fils,Strasbourg,67000,France
10680,OLDWO,48,3,14.65,36.66666667,0.25,1,04-20-2010,04-29-2010,04-26-2010,1,26.61,Old World Delicatessen,Anchorage,99508,USA
10681,GREAL,9,3,17.48333333,23.33333333,0.066666667,3,07-21-2011,07-28-2011,07-27-2011,3,76.13,Great Lakes Food Market,Eugene,97403,USA
10682,ANTON,61,3,9.083333333,21.33333333,0,3,03-06-2012,03-12-2012,03-09-2012,2,36.13,Antonio Moreno Taquería,México D.F.,5023,Mexico
10683,DUMON,16,1,7,9,0,2,11-03-2014,11-08-2014,11-06-2014,1,4.4,Du monde entier,Nantes,44000,France
10684,OTTIK,24,3,20.63333333,30,0,3,06-01-2014,06-10-2014,06-09-2014,1,145.63,Ottilies Käseladen,Köln,50739,Germany
10685,GOURL,41,3,16.71666667,13,0,4,01-04-2014,01-07-2014,01-05-2014,2,33.75,Gourmet Lanchonetes,Campinas,04876-786,Brazil
10686,PICCO,40,2,35.115,22.5,0.1,2,05-29-2013,06-08-2013,06-05-2013,1,96.5,Piccolo und mehr,Salzburg,5020,Austria
10687,HUNGO,56,3,79.93,22,0.166666667,9,06-17-2013,06-20-2013,06-19-2013,2,296.43,Hungry Owl All-Night Grocers,Cork,NULL,Ireland
10688,VAFFE,52,3,30.2,30.66666667,0.066666667,4,10-31-2011,11-06-2011,11-04-2011,2,299.09,Vaffeljernet,Århus,8200,Denmark
10689,BERGS,76,1,18,35,0.25,1,12-01-2014,12-05-2014,12-03-2014,2,13.42,Berglunds snabbköp,Luleå,S-958 22,Sweden
10690,HANAR,19,2,25.5,25,0.25,1,08-11-2014,08-21-2014,08-18-2014,1,15.8,Hanari Carnes,Rio de Janeiro,05454-876,Brazil
10691,QUICK,65,5,51.308,36.4,0,2,07-18-2015,07-23-2015,07-22-2015,2,810.05,QUICK-Stop,Cunewalde,1307,Germany
10692,ALFKI,40,1,43.9,20,0,4,03-16-2011,03-19-2011,03-17-2011,2,61.02,Alfred's Futterkiste,Berlin,12209,Germany
10693,WHITC,7,4,38.8625,27.75,0.1125,3,01-17-2011,01-21-2011,01-19-2011,3,139.34,White Clover Markets,Seattle,98124,USA
10694,QUICK,71,3,33.33333333,55,0,8,03-03-2012,03-08-2012,03-05-2012,3,398.36,QUICK-Stop,Cunewalde,1307,Germany
10695,WILMK,49,3,27.5,11.33333333,0,7,03-31-2013,04-09-2013,04-07-2013,1,16.72,Wilman Kala,Helsinki,21240,Finland
10696,WHITC,50,2,25.5,19,0,8,04-13-2011,04-21-2011,04-20-2011,3,102.55,White Clover Markets,Seattle,98124,USA
10697,LINOD,48,4,13.8625,19,0.25,3,02-28-2013,03-04-2013,03-03-2013,1,45.52,LINO-Delicateses,I. de Margarita,4980,Venezuela
10698,ERNSH,77,5,43.968,21.6,0.04,4,01-17-2010,01-21-2010,01-19-2010,1,272.47,Ernst Handel,Graz,8010,Austria
10699,MORGK,52,1,9.5,12,0,3,09-16-2011,09-20-2011,09-17-2011,3,0.58,Morgenstern Gesundkost,Leipzig,4179,Germany
10700,SAVEA,62,4,16.5,29.25,0.2,3,03-03-2011,03-07-2011,03-04-2011,1,65.1,Save-a-lot Markets,Boise,83720,USA
10701,HUNGO,41,3,31.5,32.33333333,0.15,6,11-30-2012,12-10-2012,12-09-2012,3,220.31,Hungry Owl All-Night Grocers,Cork,NULL,Ireland
10702,ALFKI,63,2,14,10.5,0,4,09-23-2010,09-28-2010,09-26-2010,1,23.94,Alfred's Futterkiste,Berlin,12209,Germany
10703,FOLKO,43,3,29.66666667,25,0,6,12-11-2014,12-19-2014,12-17-2014,2,152.3,Folk och fä HB,Bräcke,S-844 67,Sweden
10704,QUEEN,46,3,13.08333333,21.66666667,0,6,06-10-2012,06-13-2012,06-12-2012,1,4.78,Queen Cozinha,Sao Paulo,05487-020,Brazil
10705,HILAA,62,2,22.25,12,0,9,04-20-2012,04-29-2012,04-27-2012,2,3.52,HILARION-Abastos,San Cristóbal,5022,Venezuela
10706,OLDWO,52,3,39.48333333,17.33333333,0,8,07-14-2011,07-21-2011,07-18-2011,3,135.63,Old World Delicatessen,Anchorage,99508,USA
10707,AROUT,50,3,19.5,29.66666667,0.05,4,09-24-2010,10-03-2010,10-01-2010,3,21.74,Around the Horn,Colchester,CO7 6JX,UK
10708,THEBI,51,2,20.175,4.5,0,6,09-01-2013,09-05-2013,09-02-2013,2,2.96,The Big Cheese,Portland,97201,USA
10709,GOURL,48,3,42.33333333,26,0,1,04-02-2011,04-06-2011,04-05-2011,3,210.8,Gourmet Lanchonetes,Campinas,04876-786,Brazil
10710,FRANS,38,2,9.35,5,0,1,02-22-2012,02-25-2012,02-24-2012,1,4.98,Franchi S.p.A.,Torino,10100,Italy
10711,SAVEA,8,3,17.21666667,58,0,5,06-10-2015,06-19-2015,06-16-2015,2,52.41,Save-a-lot Markets,Boise,83720,USA
10712,HUNGO,6,2,35.4,16.5,0.025,3,01-24-2013,02-02-2013,01-30-2013,1,89.93,Hungry Owl All-Night Grocers,Cork,NULL,Ireland
10713,SAVEA,26,4,20.9325,45.5,0,1,05-09-2015,05-14-2015,05-12-2015,1,167.05,Save-a-lot Markets,Boise,83720,USA
10714,SAVEA,62,5,23.75,27.4,0.25,5,04-17-2015,04-25-2015,04-23-2015,3,24.49,Save-a-lot Markets,Boise,83720,USA
10715,BONAP,43,2,26.25,25.5,0,3,11-28-2013,12-08-2013,12-06-2013,1,63.2,Bon app',Marseille,13008,France
10716,RANCH,65,3,30.5,7.333333333,0,4,12-21-2010,12-24-2010,12-21-2010,2,22.57,Rancho grande,Buenos Aires,1010,Argentina
10717,FRANK,37,3,17.81666667,24,0.033333333,1,03-15-2015,03-19-2015,03-18-2015,2,59.25,Frankenversand,München,80805,Germany
10718,KOENE,21,4,30.9375,29,0,1,08-24-2012,08-28-2012,08-25-2012,3,170.88,Königlich Essen,Brandenburg,14776,Germany
10719,LETSS,46,3,31.94666667,18.33333333,0.25,8,04-18-2014,04-25-2014,04-23-2014,2,51.44,Let's Stop N Shop,San Francisco,94117,USA
10720,QUEDE,47,2,19.75,14.5,0,8,11-30-2014,12-07-2014,12-04-2014,2,9.53,Que Delícia,Rio de Janeiro,02389-673,Brazil
10721,QUICK,50,1,19.45,50,0.05,5,02-11-2012,02-18-2012,02-16-2012,3,48.92,QUICK-Stop,Cunewalde,1307,Germany
10722,SAVEA,56,4,12.9375,35,0,8,01-20-2011,01-27-2011,01-24-2011,1,74.58,Save-a-lot Markets,Boise,83720,USA
10723,WHITC,37,1,31.23,15,0,3,01-23-2015,01-30-2015,01-28-2015,1,21.72,White Clover Markets,Seattle,98124,USA
10724,MEREP,67,2,29.75,10.5,0,8,04-24-2011,04-30-2011,04-27-2011,2,57.75,Mère Paillarde,Montréal,H1J 1C3,Canada
10725,FAMIA,41,3,13.55,7.333333333,0,4,03-27-2014,04-04-2014,04-02-2014,3,10.83,Familia Arquibaldo,Sao Paulo,05442-030,Brazil
10726,EASTC,67,2,21.5,15,0,4,12-29-2012,01-08-2013,01-06-2013,1,16.56,Eastern Connection,London,WX3 6FW,UK
10727,REGGC,36,3,44,13.33333333,0.05,2,06-29-2013,07-02-2013,07-01-2013,1,89.9,Reggiani Caseifici,Reggio Emilia,42100,Italy
10728,QUEEN,48,4,25.5725,12,0,4,03-04-2012,03-14-2012,03-11-2012,2,58.33,Queen Cozinha,Sao Paulo,05487-020,Brazil
10729,LINOD,72,3,14.75,40,0,8,04-22-2012,04-26-2012,04-24-2012,3,141.06,LINO-Delicateses,I. de Margarita,4980,Venezuela
10730,BONAP,32,3,17,9.333333333,0.05,5,10-07-2015,10-16-2015,10-13-2015,1,20.12,Bon app',Marseille,13008,France
10731,CHOPS,64,2,31.5,35,0.05,7,08-12-2012,08-21-2012,08-18-2012,1,96.65,Chop-suey Chinese,Bern,3012,Switzerland
10732,BONAP,40,1,18,20,0,3,06-04-2013,06-08-2013,06-06-2013,1,16.97,Bon app',Marseille,13008,France
10733,BERGS,55,3,25.28333333,20.33333333,0,1,04-12-2010,04-22-2010,04-20-2010,3,110.11,Berglunds snabbköp,Luleå,S-958 22,Sweden
10734,GOURL,39,3,22.96333333,21.66666667,0,2,12-27-2014,12-31-2014,12-28-2014,3,1.63,Gourmet Lanchonetes,Campinas,04876-786,Brazil
10735,LETSS,56,2,20.75,11,0.1,6,06-17-2015,06-21-2015,06-18-2015,2,45.97,Let's Stop N Shop,San Francisco,94117,USA
10736,HUNGO,33,2,14.4,30,0,9,03-21-2015,03-29-2015,03-27-2015,2,44.1,Hungry Owl All-Night Grocers,Cork,NULL,Ireland
10737,VINET,53,2,7.825,8,0,2,06-14-2015,06-20-2015,06-17-2015,2,7.79,Vins et alcools Chevalier,Reims,51100,France
10738,SPECD,36,1,17.45,3,0,2,01-29-2012,02-04-2012,02-03-2012,1,2.91,Spécialités du monde,Paris,75016,France
10739,VINET,37,2,13,12,0,3,05-12-2015,05-20-2015,05-18-2015,3,11.08,Vins et alcools Chevalier,Reims,51100,France
10740,WHITC,31,4,27.775,23.5,0.2,4,04-05-2010,04-08-2010,04-06-2010,2,81.88,White Clover Markets,Seattle,98124,USA
10741,AROUT,5,1,19,15,0.2,4,10-04-2011,10-11-2011,10-08-2011,3,10.96,Around the Horn,Colchester,CO7 6JX,UK
10742,BOTTM,37,3,26.26666667,35,0,3,08-26-2013,09-01-2013,08-30-2013,3,243.73,Bottom-Dollar Markets,Tsawassen,T2F 8M4,Canada
10743,AROUT,66,1,12,28,0.05,1,02-08-2012,02-12-2012,02-10-2012,2,23.72,Around the Horn,Colchester,CO7 6JX,UK
10744,VAFFE,6,1,18.4,50,0.2,6,02-15-2011,02-18-2011,02-15-2011,1,69.19,Vaffeljernet,Århus,8200,Denmark
10745,QUICK,10,4,42.9375,23,0,9,10-14-2012,10-19-2012,10-17-2012,1,3.52,QUICK-Stop,Cunewalde,1307,Germany
10746,CHOPS,60,4,26.325,20.75,0,1,07-04-2011,07-09-2011,07-08-2011,3,31.43,Chop-suey Chinese,Bern,3012,Switzerland
10747,PICCO,66,4,25.5125,20.5,0,6,12-12-2011,12-21-2011,12-20-2011,1,117.33,Piccolo und mehr,Salzburg,5020,Austria
10748,SAVEA,10,3,21.8,37.33333333,0,3,10-01-2010,10-04-2010,10-03-2010,1,232.55,Save-a-lot Markets,Boise,83720,USA
10749,ISLAT,34,3,37,10.33333333,0,4,02-19-2011,02-26-2011,02-23-2011,2,61.53,Island Trading,Cowes,PO31 7PJ,UK
10750,WARTH,68,3,29.25,23.33333333,0.15,9,02-28-2013,03-09-2013,03-07-2013,1,79.3,Wartian Herkku,Oulu,90110,Finland
10751,RICSU,76,4,22.0925,19.25,0.05,3,09-24-2012,10-02-2012,09-30-2012,3,130.79,Richter Supermarkt,Genève,1204,Switzerland
10752,NORTS,7,2,27,5.5,0,2,01-11-2011,01-16-2011,01-14-2011,3,1.39,North/South,London,SW7 1RZ,UK
10753,FRANS,18,2,9.75,4.5,0,3,03-30-2015,04-04-2015,04-02-2015,1,7.7,Franchi S.p.A.,Torino,10100,Italy
10754,MAGAA,17,1,18.4,3,0,6,05-02-2011,05-07-2011,05-05-2011,3,2.38,Magazzini Alimentari Riuniti,Bergamo,24100,Italy
10755,BONAP,15,4,25.75,24.75,0.25,4,10-26-2014,11-04-2014,11-03-2014,2,16.71,Bon app',Marseille,13008,France
10756,SPLIR,73,4,32.5,16.75,0.2,8,12-17-2013,12-23-2013,12-21-2013,2,73.21,Split Rail Beer & Ale,Lander,82520,USA
10757,SAVEA,20,4,37.8875,22.75,0,6,01-25-2014,01-29-2014,01-28-2014,1,8.19,Save-a-lot Markets,Boise,83720,USA
10758,RICSU,77,3,17.74333333,40,0,3,05-27-2010,06-03-2010,06-02-2010,3,138.17,Richter Supermarkt,Genève,1204,Switzerland
10759,ANATR,71,1,32,10,0,3,02-13-2015,02-22-2015,02-21-2015,3,11.99,Ana Trujillo Emparedados y helados,México D.F.,5021,Mexico
10760,MAISD,50,3,34.63333333,27.33333333,0.166666667,4,10-25-2011,10-30-2011,10-29-2011,1,155.64,Maison Dewey,Bruxelles,B-1180,Belgium
10761,RATTC,77,2,10.875,26.5,0.125,5,02-04-2015,02-11-2015,02-09-2015,2,18.66,Rattlesnake Canyon Grocery,Albuquerque,87110,USA
10762,FOLKO,58,4,29.625,33.5,0,3,08-07-2013,08-13-2013,08-12-2013,1,328.74,Folk och fä HB,Bräcke,S-844 67,Sweden
10763,FOLIG,40,3,11.83333333,22,0,3,09-07-2012,09-15-2012,09-14-2012,3,37.35,Folies gourmandes,Lille,59000,France
10764,ERNSH,24,2,14,75,0.1,6,07-22-2012,07-30-2012,07-29-2012,3,145.45,Ernst Handel,Graz,8010,Austria
10765,QUICK,15,1,21.05,80,0.1,3,05-26-2010,06-05-2010,06-03-2010,3,42.74,QUICK-Stop,Cunewalde,1307,Germany
10766,OTTIK,65,3,20.5,38.33333333,0,4,05-07-2013,05-15-2013,05-14-2013,1,157.55,Ottilies Käseladen,Köln,50739,Germany
10767,SUPRD,28,1,14,2,0,4,10-23-2014,10-31-2014,10-28-2014,3,1.59,Suprêmes délices,Charleroi,B-6000,Belgium
10768,AROUT,33,4,22.25,20.25,0,3,04-26-2013,05-02-2013,04-30-2013,2,146.32,Around the Horn,Colchester,CO7 6JX,UK
10769,VAFFE,64,4,23.6125,20,0.025,3,04-02-2014,04-07-2014,04-06-2014,1,65.06,Vaffeljernet,Århus,8200,Denmark
10770,HANAR,23,1,21,15,0.25,8,12-02-2013,12-08-2013,12-07-2013,3,5.32,Hanari Carnes,Rio de Janeiro,05454-876,Brazil
10771,ERNSH,18,1,21.5,16,0,9,09-14-2015,09-18-2015,09-17-2015,2,11.19,Ernst Handel,Graz,8010,Austria
10772,LEHMS,61,2,89.395,21.5,0,3,05-29-2014,06-08-2014,06-05-2014,2,91.28,Lehmanns Marktstand,Frankfurt a.M.,60528,Germany
10773,ERNSH,4,3,19.75,36.66666667,0.133333333,1,09-22-2013,09-28-2013,09-26-2013,3,96.43,Ernst Handel,Graz,8010,Austria
10774,FOLKO,38,2,14.75,26,0.125,4,03-09-2014,03-17-2014,03-15-2014,1,48.2,Folk och fä HB,Bräcke,S-844 67,Sweden
10775,THECR,15,2,22.5,4.5,0,7,01-09-2012,01-16-2012,01-13-2012,1,20.25,The Cracker Box,Butte,59801,USA
10776,ERNSH,26,4,22.25,43.75,0.05,1,11-10-2012,11-19-2012,11-17-2012,3,351.53,Ernst Handel,Graz,8010,Austria
10777,GOURL,10,1,14,20,0.2,7,02-08-2011,02-14-2011,02-13-2011,2,3.01,Gourmet Lanchonetes,Campinas,04876-786,Brazil
10778,BERGS,18,1,9.65,10,0,3,04-10-2014,04-16-2014,04-15-2014,1,6.79,Berglunds snabbköp,Luleå,S-958 22,Sweden
10779,MORGK,45,2,33.375,20,0,3,10-06-2011,10-16-2011,10-15-2011,2,58.13,Morgenstern Gesundkost,Leipzig,4179,Germany
10780,LILAS,44,2,14,25,0,2,09-13-2011,09-21-2011,09-19-2011,1,42.13,LILA-Supermercado,Barquisimeto,3508,Venezuela
10781,WARTH,75,3,18.48333333,19.33333333,0.133333333,2,09-30-2012,10-05-2012,10-04-2012,3,73.16,Wartian Herkku,Oulu,90110,Finland
10782,CACTU,49,1,12.5,1,0,9,08-01-2012,08-06-2012,08-05-2012,3,1.1,Cactus Comidas para llevar,Buenos Aires,1010,Argentina
10783,HANAR,37,2,138,7.5,0,4,06-08-2012,06-16-2012,06-13-2012,2,124.98,Hanari Carnes,Rio de Janeiro,05454-876,Brazil
10784,MAGAA,5,3,23.93333333,20.66666667,0.1,4,06-15-2014,06-23-2014,06-21-2014,3,70.09,Magazzini Alimentari Riuniti,Bergamo,24100,Italy
10785,GROSR,63,2,19.375,10,0,1,12-27-2014,01-05-2015,01-02-2015,3,1.51,GROSELLA-Restaurante,Caracas,1081,Venezuela
10786,QUEEN,71,3,24.54666667,29,0.2,8,04-21-2013,04-29-2013,04-27-2013,1,110.87,Queen Cozinha,Sao Paulo,05487-020,Brazil
10787,LAMAI,58,2,71.395,17.5,0.05,2,10-06-2013,10-13-2013,10-11-2013,1,249.93,La maison d'Asie,Toulouse,31000,France
10788,QUICK,36,2,8.475,45,0.05,1,10-03-2010,10-08-2010,10-06-2010,2,42.7,QUICK-Stop,Cunewalde,1307,Germany
10789,FOLIG,32,4,34.225,23.25,0,1,04-20-2014,04-28-2014,04-26-2014,2,100.6,Folies gourmandes,Lille,59000,France
10790,GOURL,44,2,34,11.5,0.15,6,06-10-2012,06-15-2012,06-14-2012,1,28.23,Gourmet Lanchonetes,Campinas,04876-786,Brazil
10791,FRANK,16,2,66.72,17,0.05,6,01-12-2013,01-15-2013,01-13-2013,2,16.85,Frankenversand,München,80805,Germany
10792,WOLZA,66,3,12.98333333,9.333333333,0,1,09-14-2012,09-18-2012,09-17-2012,3,23.79,Wolski Zajazd,Warszawa,01-012,Poland
10793,AROUT,62,2,8.325,11,0,3,11-30-2014,12-04-2014,12-02-2014,3,4.52,Around the Horn,Colchester,CO7 6JX,UK
10794,QUEDE,44,2,15.35,10.5,0.2,6,09-07-2012,09-12-2012,09-10-2012,1,21.49,Que Delícia,Rio de Janeiro,02389-673,Brazil
10795,ERNSH,6,2,28.225,50,0.125,8,10-10-2014,10-17-2014,10-15-2014,2,126.66,Ernst Handel,Graz,8010,Austria
10796,HILAA,27,4,29.9825,22.5,0.15,3,10-02-2012,10-11-2012,10-08-2012,1,26.52,HILARION-Abastos,San Cristóbal,5022,Venezuela
10797,DRACD,74,1,21,20,0,7,04-12-2012,04-20-2012,04-19-2012,2,33.35,Drachenblut Delikatessen,Aachen,52066,Germany
10798,ISLAT,46,2,42.05,6,0,2,10-31-2011,11-09-2011,11-06-2011,1,2.33,Island Trading,Cowes,PO31 7PJ,UK
10799,KOENE,27,3,21.83333333,21.66666667,0.1,9,09-28-2013,10-06-2013,10-03-2013,3,30.76,Königlich Essen,Brandenburg,14776,Germany
10800,SEVES,27,3,27.15,22.33333333,0.1,1,09-19-2012,09-24-2012,09-23-2012,3,137.44,Seven Seas Imports,London,OX15 4NB,UK
10801,BOLID,12,2,81.395,30,0.25,4,02-13-2011,02-21-2011,02-18-2011,2,97.09,Bólido Comidas preparadas,Madrid,28023,Spain
10802,SIMOB,48,4,38.0475,30,0.25,4,07-28-2015,08-03-2015,07-31-2015,2,257.26,Simons bistro,Kobenhavn,1734,Denmark
10803,WELLI,77,3,26.06666667,18,0.05,4,01-09-2013,01-13-2013,01-10-2013,1,55.23,Wellington Importadora,Resende,08737-363,Brazil
10804,SEVES,63,3,32.2,21.33333333,0.05,6,02-02-2012,02-06-2012,02-04-2012,2,27.33,Seven Seas Imports,London,OX15 4NB,UK
10805,THEBI,38,2,138.75,10,0,2,05-24-2014,05-31-2014,05-28-2014,3,237.34,The Big Cheese,Portland,97201,USA
10806,VICTE,6,3,16.68333333,12.33333333,0.166666667,3,12-21-2012,12-30-2012,12-28-2012,2,22.11,Victuailles en stock,Lyon,69004,France
10807,FRANS,71,1,18.4,1,0,4,07-20-2012,07-30-2012,07-28-2012,1,1.36,Franchi S.p.A.,Torino,10100,Italy
10808,OLDWO,17,2,28,35,0.15,2,02-13-2010,02-16-2010,02-14-2010,3,45.53,Old World Delicatessen,Anchorage,99508,USA
10809,WELLI,18,1,7,20,0,7,03-09-2012,03-15-2012,03-14-2012,1,4.87,Wellington Importadora,Resende,08737-363,Brazil
10810,LAUGB,67,3,11.66666667,5.666666667,0,2,11-29-2015,12-03-2015,12-01-2015,3,4.33,Laughing Bacchus Wine Cellars,Vancouver,V3F 2K1,Canada
10811,LINOD,24,3,12.2,21,0,8,12-25-2012,12-28-2012,12-25-2012,1,31.22,LINO-Delicateses,I. de Margarita,4980,Venezuela
10812,REGGC,26,3,20.1,25.33333333,0.066666667,5,12-25-2012,12-30-2012,12-29-2012,1,59.78,Reggiani Caseifici,Reggio Emilia,42100,Italy
10813,RICAR,16,2,15.5,23.5,0.1,1,03-24-2014,04-01-2014,03-30-2014,1,47.38,Ricardo Adocicados,Rio de Janeiro,02389-890,Brazil
10814,VICTE,25,4,24.225,19.5,0.1125,3,08-23-2012,08-28-2012,08-27-2012,3,130.94,Victuailles en stock,Lyon,69004,France
10815,SAVEA,30,1,2.5,16,0,2,01-18-2011,01-25-2011,01-22-2011,3,14.62,Save-a-lot Markets,Boise,83720,USA
10816,GREAL,19,2,156.4,25,0.05,4,11-25-2015,11-28-2015,11-27-2015,2,719.78,Great Lakes Food Market,Eugene,97403,USA
10817,KOENE,61,4,90.6075,38.75,0.1125,3,09-11-2011,09-15-2011,09-12-2011,2,306.07,Königlich Essen,Brandenburg,14776,Germany
10818,MAGAA,65,2,20.825,20,0,7,03-31-2014,04-10-2014,04-07-2014,3,65.48,Magazzini Alimentari Riuniti,Bergamo,24100,Italy
10819,CACTU,40,2,26.875,13.5,0,2,01-07-2012,01-10-2012,01-08-2012,3,19.76,Cactus Comidas para llevar,Buenos Aires,1010,Argentina
10820,RATTC,52,1,38,30,0,3,09-03-2013,09-13-2013,09-10-2013,2,37.52,Rattlesnake Canyon Grocery,Albuquerque,87110,USA
10821,SPLIR,46,2,35.5,13,0,1,08-19-2010,08-28-2010,08-26-2010,1,36.68,Split Rail Beer & Ale,Lander,82520,USA
10822,TRAIH,42,2,32.15,4.5,0,6,01-21-2011,01-24-2011,01-23-2011,3,7,Trail's Head Gourmet Provisioners,Kirkland,98034,USA
10823,LILAS,32,4,27.125,22.5,0.075,5,01-11-2011,01-15-2011,01-13-2011,2,163.97,LILA-Supermercado,Barquisimeto,3508,Venezuela
10824,FOLKO,41,2,12.325,10.5,0,8,11-07-2015,11-10-2015,11-08-2015,1,1.23,Folk och fä HB,Bräcke,S-844 67,Sweden
10825,DRACD,74,2,32.015,16,0,1,12-16-2012,12-26-2012,12-25-2012,1,79.25,Drachenblut Delikatessen,Aachen,52066,Germany
10826,BLONP,26,2,16,25,0,6,09-22-2010,09-28-2010,09-25-2010,1,7.09,Blondel père et fils,Strasbourg,67000,France
10827,BONAP,67,2,24.5,18,0,1,03-22-2013,03-30-2013,03-29-2013,2,63.54,Bon app',Marseille,13008,France
10828,RANCH,19,2,172.25,3.5,0,9,12-01-2014,12-05-2014,12-02-2014,1,90.85,Rancho grande,Buenos Aires,1010,Argentina
10829,ISLAT,42,4,24.75,15.25,0,9,06-04-2014,06-08-2014,06-07-2014,1,154.72,Island Trading,Cowes,PO31 7PJ,UK
10830,TRADH,12,4,22.375,22,0,4,05-03-2010,05-11-2010,05-10-2010,2,81.83,Tradiçao Hipermercados,Sao Paulo,05634-030,Brazil
10831,SANTG,24,4,84.175,6.75,0,3,04-10-2014,04-17-2014,04-15-2014,2,72.19,Santé Gourmet,Stavern,4110,Norway
10832,LAMAI,24,4,18.175,8,0.15,2,10-28-2012,11-03-2012,10-31-2012,2,43.26,La maison d'Asie,Toulouse,31000,France
10833,OTTIK,40,3,25.1,12.66666667,0.1,6,07-16-2011,07-19-2011,07-18-2011,2,71.49,Ottilies Käseladen,Köln,50739,Germany
10834,TRADH,18,2,74.84,14,0.05,1,01-21-2012,01-31-2012,01-29-2012,3,29.78,Tradiçao Hipermercados,Sao Paulo,05634-030,Brazil
10835,ALFKI,64,2,34,8.5,0.1,1,01-04-2011,01-08-2011,01-06-2011,3,69.53,Alfred's Futterkiste,Berlin,12209,Germany
10836,ERNSH,71,5,25.15,34.4,0,7,08-29-2015,09-08-2015,09-05-2015,1,411.88,Ernst Handel,Graz,8010,Austria
10837,BERGS,14,4,12.975,23,0.125,9,04-02-2012,04-12-2012,04-10-2012,3,13.32,Berglunds snabbköp,Luleå,S-958 22,Sweden
10838,LINOD,12,3,33.16666667,26.33333333,0.25,3,11-15-2013,11-22-2013,11-21-2013,3,59.28,LINO-Delicateses,I. de Margarita,4980,Venezuela
10839,TRADH,77,2,24.025,22.5,0.1,3,04-30-2010,05-07-2010,05-05-2010,3,35.43,Tradiçao Hipermercados,Sao Paulo,05634-030,Brazil
10840,LINOD,71,2,16,8,0.2,4,04-01-2015,04-08-2015,04-05-2015,2,2.71,LINO-Delicateses,I. de Margarita,4980,Venezuela
10841,SUPRD,59,4,34.25,27.75,0,5,08-07-2012,08-12-2012,08-11-2012,2,424.3,Suprêmes délices,Charleroi,B-6000,Belgium
10842,TORTU,30,4,23.625,13,0,1,02-27-2011,03-04-2011,03-01-2011,3,54.42,Tortuga Restaurante,México D.F.,5033,Mexico
10843,VICTE,34,1,53,4,0.25,4,07-04-2015,07-11-2015,07-10-2015,2,9.26,Victuailles en stock,Lyon,69004,France
10844,PICCO,53,1,21,35,0,8,02-20-2014,02-28-2014,02-25-2014,2,25.22,Piccolo und mehr,Salzburg,5020,Austria
10845,QUICK,76,5,17.5,49,0.08,8,01-10-2013,01-13-2013,01-10-2013,1,212.98,QUICK-Stop,Cunewalde,1307,Germany
10846,SUPRD,50,3,15.66666667,23.66666667,0,2,04-06-2012,04-16-2012,04-15-2012,3,56.46,Suprêmes délices,Charleroi,B-6000,Belgium
10847,SAVEA,32,6,19.7,48,0.2,4,12-04-2012,12-10-2012,12-09-2012,3,487.57,Save-a-lot Markets,Boise,83720,USA
10848,CONSH,67,2,59.175,16.5,0,7,05-28-2015,06-02-2015,05-30-2015,2,38.24,Consolidated Holdings,London,WX1 6LT,UK
10849,KOENE,28,2,20.615,33.5,0.075,9,04-28-2012,05-01-2012,04-30-2012,2,0.56,Königlich Essen,Brandenburg,14776,Germany
10850,VICTE,3,3,10.5,18,0.15,1,08-12-2012,08-22-2012,08-20-2012,1,49.19,Victuailles en stock,Lyon,69004,France
10851,RICAR,15,4,26.875,16.75,0.05,5,09-17-2010,09-24-2010,09-23-2010,1,160.55,Ricardo Adocicados,Rio de Janeiro,02389-890,Brazil
10852,RATTC,25,3,35.76666667,23.66666667,0,8,07-24-2014,07-31-2014,07-29-2014,1,174.05,Rattlesnake Canyon Grocery,Albuquerque,87110,USA
10853,BLAUS,29,1,62.5,10,0,9,01-17-2013,01-27-2013,01-26-2013,2,53.83,Blauer See Delikatessen,Mannheim,68306,Germany
10854,ERNSH,9,2,18.5,82.5,0.15,3,05-26-2013,06-03-2013,06-02-2013,2,100.22,Ernst Handel,Graz,8010,Austria
10855,OLDWO,33,4,22.25,25.75,0.0375,3,05-12-2013,05-16-2013,05-14-2013,1,170.97,Old World Delicatessen,Anchorage,99508,USA
10856,ANTON,62,2,16.5,20,0,3,02-05-2014,02-09-2014,02-07-2014,2,58.43,Antonio Moreno Taquería,México D.F.,5023,Mexico
10857,BERGS,74,3,55.00666667,25,0.166666667,8,05-12-2010,05-20-2010,05-18-2010,2,188.85,Berglunds snabbköp,Luleå,S-958 22,Sweden
10858,LACOR,69,3,29.63333333,6.333333333,0,2,11-30-2011,12-05-2011,12-04-2011,1,52.51,La corne d'abondance,Versailles,78000,France
10859,FRANK,22,3,15.06666667,35,0.25,1,02-04-2012,02-08-2012,02-05-2012,2,76.1,Frankenversand,München,80805,Germany
10860,FRANR,45,2,35.5,11.5,0,3,08-30-2013,09-06-2013,09-05-2013,3,19.26,France restauration,Nantes,44000,France
10861,WHITC,52,5,32.66,28,0,4,12-07-2012,12-14-2012,12-13-2012,2,14.93,White Clover Markets,Seattle,98124,USA
10862,LEHMS,36,2,14,16.5,0,8,01-19-2015,01-26-2015,01-23-2015,2,53.23,Lehmanns Marktstand,Frankfurt a.M.,60528,Germany
10863,HILAA,55,2,15.625,16,0.15,4,09-09-2014,09-16-2014,09-14-2014,2,30.26,HILARION-Abastos,San Cristóbal,5022,Venezuela
10864,AROUT,66,2,16,9.5,0,4,09-04-2015,09-13-2015,09-10-2015,2,3.04,Around the Horn,Colchester,CO7 6JX,UK
10865,QUICK,18,2,140.75,70,0.05,2,12-06-2013,12-15-2013,12-13-2013,1,348.14,QUICK-Stop,Cunewalde,1307,Germany
10866,BERGS,47,3,16.46333333,22.33333333,0.25,5,02-08-2011,02-17-2011,02-15-2011,1,109.11,Berglunds snabbköp,Luleå,S-958 22,Sweden
10867,LONEP,31,1,32.8,3,0,6,11-14-2011,11-21-2011,11-19-2011,1,1.93,Lonesome Pine Restaurant,Portland,97219,USA
10868,QUEEN,29,3,23.07666667,30.66666667,0.033333333,7,07-02-2012,07-07-2012,07-05-2012,2,191.27,Queen Cozinha,Sao Paulo,05487-020,Brazil
10869,SEVES,49,4,15.125,30,0,5,03-28-2010,04-02-2010,04-01-2010,1,143.28,Seven Seas Imports,London,OX15 4NB,UK
10870,WOLZA,33,2,35.5,2.5,0,5,01-20-2012,01-26-2012,01-23-2012,3,12.04,Wolski Zajazd,Warszawa,01-012,Poland
10871,BONAP,74,3,27.15,26,0.05,9,01-19-2011,01-23-2011,01-21-2011,2,112.27,Bon app',Marseille,13008,France
10872,GODOS,63,4,31.9,16.5,0.05,5,10-09-2012,10-18-2012,10-15-2012,2,175.32,Godos Cocina Típica,Sevilla,41101,Spain
10873,WILMK,12,2,27.8,11.5,0,4,07-08-2015,07-13-2015,07-10-2015,1,0.82,Wilman Kala,Helsinki,21240,Finland
10874,GODOS,14,1,31,10,0,5,03-27-2015,04-01-2015,03-29-2015,2,19.58,Godos Cocina Típica,Sevilla,41101,Spain
10875,BERGS,56,3,12.9,20.33333333,0.033333333,4,01-29-2013,02-03-2013,01-31-2013,2,32.37,Berglunds snabbköp,Luleå,S-958 22,Sweden
10876,BONAP,9,2,22.625,20.5,0,7,11-02-2014,11-05-2014,11-04-2014,3,60.42,Bon app',Marseille,13008,France
10877,RICAR,32,2,39.975,27.5,0.125,1,06-06-2011,06-15-2011,06-13-2011,1,38.06,Ricardo Adocicados,Rio de Janeiro,02389-890,Brazil
10878,QUICK,18,1,81,20,0.05,4,12-11-2012,12-17-2012,12-15-2012,1,46.69,QUICK-Stop,Cunewalde,1307,Germany
10879,WILMK,32,3,19.15,10.66666667,0,3,11-04-2011,11-12-2011,11-11-2011,3,8.5,Wilman Kala,Helsinki,21240,Finland
10880,FOLKO,9,3,17.5,36.66666667,0.2,7,01-10-2015,01-14-2015,01-11-2015,1,88.01,Folk och fä HB,Bräcke,S-844 67,Sweden
10881,CACTU,76,1,15,10,0,4,01-13-2010,01-18-2010,01-16-2010,1,2.84,Cactus Comidas para llevar,Buenos Aires,1010,Argentina
10882,SAVEA,17,3,13.81666667,25.66666667,0.1,4,01-16-2011,01-25-2011,01-24-2011,3,23.1,Save-a-lot Markets,Boise,83720,USA
10883,LONEP,51,1,4.5,8,0,8,03-02-2012,03-11-2012,03-08-2012,3,0.53,Lonesome Pine Restaurant,Portland,97219,USA
10884,LETSS,37,3,23.01666667,24.33333333,0.05,4,04-30-2011,05-03-2011,05-01-2011,2,90.97,Let's Stop N Shop,San Francisco,94117,USA
10885,SUPRD,47,4,12.875,21.75,0,6,10-02-2012,10-11-2012,10-09-2012,3,5.64,Suprêmes délices,Charleroi,B-6000,Belgium
10886,HANAR,15,3,18.83333333,48.33333333,0,1,10-21-2011,10-29-2011,10-27-2011,1,4.99,Hanari Carnes,Rio de Janeiro,05454-876,Brazil
10887,GALED,68,1,14,5,0,8,02-08-2014,02-14-2014,02-11-2014,3,1.25,Galería del gastronómo,Barcelona,8022,Spain
10888,GODOS,28,2,15.75,19,0,1,07-21-2015,07-27-2015,07-25-2015,2,51.87,Godos Cocina Típica,Sevilla,41101,Spain
10889,RATTC,27,2,142.25,40,0,9,09-09-2010,09-13-2010,09-10-2010,3,280.61,Rattlesnake Canyon Grocery,Albuquerque,87110,USA
10890,DUMON,13,3,20.88333333,13,0,7,01-08-2012,01-11-2012,01-08-2012,1,32.76,Du monde entier,Nantes,44000,France
10891,LEHMS,6,1,25.89,15,0.05,7,04-10-2014,04-19-2014,04-18-2014,2,20.37,Lehmanns Marktstand,Frankfurt a.M.,60528,Germany
10892,MAISD,52,1,55,40,0.05,4,03-25-2012,03-30-2012,03-27-2012,2,120.27,Maison Dewey,Bruxelles,B-1180,Belgium
10893,KOENE,66,5,42.636,23.8,0,9,02-27-2011,03-07-2011,03-05-2011,2,77.78,Königlich Essen,Brandenburg,14776,Germany
10894,SAVEA,4,3,16.58333333,66,0.05,1,06-15-2015,06-18-2015,06-17-2015,1,116.13,Save-a-lot Markets,Boise,83720,USA
10895,ERNSH,45,4,18.725,86.5,0,3,04-19-2015,04-25-2015,04-23-2015,1,162.75,Ernst Handel,Graz,8010,Austria
10896,MAISD,50,2,23.75,15.5,0,7,12-08-2011,12-17-2011,12-14-2011,3,32.45,Maison Dewey,Bruxelles,B-1180,Belgium
10897,HUNGO,60,2,74.84,58,0,3,11-10-2011,11-20-2011,11-17-2011,2,603.54,Hungry Owl All-Night Grocers,Cork,NULL,Ireland
10898,OCEAN,49,1,6,5,0,4,03-03-2013,03-07-2013,03-06-2013,2,1.27,Océano Atlántico Ltda.,Buenos Aires,1010,Argentina
10899,LILAS,4,1,18,8,0.15,5,05-11-2010,05-14-2010,05-13-2010,3,1.21,LILA-Supermercado,Barquisimeto,3508,Venezuela
10900,WELLI,74,1,15,3,0.25,1,02-05-2012,02-10-2012,02-09-2012,2,1.66,Wellington Importadora,Resende,08737-363,Brazil
10901,HILAA,14,2,15.575,30,0,4,03-16-2012,03-23-2012,03-22-2012,1,62.09,HILARION-Abastos,San Cristóbal,5022,Venezuela
10902,FOLKO,73,2,36.65,18,0.15,1,06-24-2011,06-29-2011,06-27-2011,1,44.15,Folk och fä HB,Bräcke,S-844 67,Sweden
10903,HANAR,55,3,13.18333333,27,0,3,07-25-2012,08-04-2012,08-03-2012,3,36.71,Hanari Carnes,Rio de Janeiro,05454-876,Brazil
10904,WHITC,53,2,31.275,25,0,3,10-30-2010,11-04-2010,11-01-2010,3,162.95,White Clover Markets,Seattle,98124,USA
10905,WELLI,60,1,18,20,0.05,9,04-01-2012,04-07-2012,04-04-2012,2,13.72,Wellington Importadora,Resende,08737-363,Brazil
10906,WOLZA,35,1,28.5,15,0,4,11-19-2010,11-28-2010,11-27-2010,3,26.29,Wolski Zajazd,Warszawa,01-012,Poland
10907,SPECD,66,1,7.75,14,0,6,09-17-2015,09-20-2015,09-17-2015,3,9.19,Spécialités du monde,Paris,75016,France
10908,REGGC,71,2,18.5,17,0.05,4,04-15-2010,04-25-2010,04-24-2010,2,32.96,Reggiani Caseifici,Reggio Emilia,42100,Italy
10909,SANTG,25,3,19.03333333,10.66666667,0,1,06-03-2011,06-07-2011,06-04-2011,2,53.05,Santé Gourmet,Stavern,4110,Norway
10910,WILMK,24,3,19.23333333,9,0,1,03-31-2012,04-09-2012,04-08-2012,3,38.11,Wilman Kala,Helsinki,21240,Finland
10911,GODOS,40,3,23.66666667,12.33333333,0,3,03-22-2011,04-01-2011,03-31-2011,1,38.19,Godos Cocina Típica,Sevilla,41101,Spain
10912,HUNGO,65,2,72.395,50,0.25,2,04-03-2012,04-06-2012,04-03-2012,2,580.91,Hungry Owl All-Night Grocers,Cork,NULL,Ireland
10913,QUEEN,39,3,12.58333333,28.33333333,0.166666667,4,08-21-2011,08-24-2011,08-21-2011,1,33.05,Queen Cozinha,Sao Paulo,05487-020,Brazil
10914,QUEEN,64,1,21.5,25,0,6,09-13-2014,09-21-2014,09-20-2014,1,21.19,Queen Cozinha,Sao Paulo,05487-020,Brazil
10915,TORTU,53,3,16.31666667,16.66666667,0,2,11-19-2014,11-25-2014,11-22-2014,2,3.51,Tortuga Restaurante,México D.F.,5033,Mexico
10916,RANCH,51,3,22.98333333,10.66666667,0,1,08-17-2015,08-23-2015,08-21-2015,2,63.77,Rancho grande,Buenos Aires,1010,Argentina
10917,ROMEY,48,2,29.945,5.5,0,4,11-29-2013,12-06-2013,12-05-2013,2,8.29,Romero y tomillo,Madrid,28001,Spain
10918,BOTTM,61,2,26,42.5,0.25,3,02-07-2013,02-10-2013,02-07-2013,3,48.83,Bottom-Dollar Markets,Tsawassen,T2F 8M4,Canada
10919,LINOD,63,3,16.61666667,22.66666667,0,2,04-26-2014,05-04-2014,05-02-2014,2,19.8,LINO-Delicateses,I. de Margarita,4980,Venezuela
10920,AROUT,5,1,16.25,24,0,4,03-28-2013,04-02-2013,04-01-2013,2,29.61,Around the Horn,Colchester,CO7 6JX,UK
10921,VAFFE,51,2,30.95,25,0,1,09-02-2010,09-06-2010,09-03-2010,1,176.48,Vaffeljernet,Århus,8200,Denmark
10922,HANAR,50,2,21.75,25,0,5,09-16-2011,09-20-2011,09-19-2011,3,62.74,Hanari Carnes,Rio de Janeiro,05454-876,Brazil
10923,LAMAI,62,3,24.66666667,14.66666667,0.2,7,12-02-2010,12-07-2010,12-04-2010,3,68.26,La maison d'Asie,Toulouse,31000,France
10924,BERGS,24,3,28.11666667,18.66666667,0.066666667,3,08-07-2014,08-16-2014,08-13-2014,2,151.52,Berglunds snabbköp,Luleå,S-958 22,Sweden
10925,HANAR,39,2,13,18.5,0.15,3,03-16-2010,03-19-2010,03-17-2010,1,2.27,Hanari Carnes,Rio de Janeiro,05454-876,Brazil
10926,ANATR,22,4,17.75,7.25,0,4,04-08-2011,04-15-2011,04-14-2011,3,39.92,Ana Trujillo Emparedados y helados,México D.F.,5021,Mexico
10927,LACOR,59,3,35.33333333,10,0,4,12-24-2011,12-27-2011,12-26-2011,1,19.79,La corne d'abondance,Versailles,78000,France
10928,GALED,58,2,13.75,5,0,1,05-30-2013,06-05-2013,06-03-2013,1,1.36,Galería del gastronómo,Barcelona,8022,Spain
10929,FRANK,8,3,10.25,41.33333333,0,6,06-24-2011,07-02-2011,06-30-2011,1,33.93,Frankenversand,München,80805,Germany
10930,SUPRD,65,4,22.7875,29,0.1,4,10-20-2010,10-28-2010,10-26-2010,3,15.55,Suprêmes délices,Charleroi,B-6000,Belgium
10931,RICSU,10,2,12.75,36,0.075,4,01-29-2010,02-07-2010,02-06-2010,2,13.6,Richter Supermarkt,Genève,1204,Switzerland
10932,BONAP,69,4,27.325,20,0.075,8,05-02-2012,05-06-2012,05-03-2012,1,134.64,Bon app',Marseille,13008,France
10933,ISLAT,27,2,30.65,16,0,6,08-20-2015,08-29-2015,08-28-2015,3,54.15,Island Trading,Cowes,PO31 7PJ,UK
10934,LEHMS,42,1,25,20,0,3,01-24-2012,01-30-2012,01-28-2012,3,32.01,Lehmanns Marktstand,Frankfurt a.M.,60528,Germany
10935,WELLI,66,3,29.83333333,11,0.166666667,4,06-19-2014,06-27-2014,06-24-2014,3,47.59,Wellington Importadora,Resende,08737-363,Brazil
10936,GREAL,49,1,19,30,0.2,3,08-08-2012,08-15-2012,08-13-2012,2,33.68,Great Lakes Food Market,Eugene,97403,USA
10937,CACTU,7,2,29.8,14,0,7,06-03-2010,06-11-2010,06-09-2010,3,31.51,Cactus Comidas para llevar,Buenos Aires,1010,Argentina
10938,QUICK,32,4,26.875,32,0.25,3,03-29-2010,04-07-2010,04-04-2010,2,31.89,QUICK-Stop,Cunewalde,1307,Germany
10939,MAGAA,15,2,16.5,25,0.15,2,09-05-2015,09-09-2015,09-07-2015,2,76.33,Magazzini Alimentari Riuniti,Bergamo,24100,Italy
10940,BONAP,75,2,18,14,0,8,04-15-2014,04-25-2014,04-22-2014,3,19.77,Bon app',Marseille,13008,France
10941,SAVEA,30,4,27.275,51,0.1875,7,04-24-2013,04-28-2013,04-27-2013,2,400.81,Save-a-lot Markets,Boise,83720,USA
10942,REGGC,17,1,20,28,0,9,06-24-2015,06-30-2015,06-29-2015,3,17.95,Reggiani Caseifici,Reggio Emilia,42100,Italy
10943,BSBEV,49,3,13,17,0,4,10-11-2011,10-19-2011,10-17-2011,2,2.17,B's Beverages,London,EC2 5NT,UK
10944,BOTTM,26,3,26.15,13.66666667,0.166666667,6,11-11-2014,11-20-2014,11-18-2014,3,52.92,Bottom-Dollar Markets,Tsawassen,T2F 8M4,Canada
10945,MORGK,22,2,9.25,15,0,4,02-07-2011,02-15-2011,02-13-2011,1,10.22,Morgenstern Gesundkost,Leipzig,4179,Germany
10946,VAFFE,7,3,16.16666667,30,0,1,08-17-2015,08-23-2015,08-22-2015,2,27.2,Vaffeljernet,Århus,8200,Denmark
10947,BSBEV,4,1,55,4,0,3,11-20-2014,11-28-2014,11-27-2014,2,3.26,B's Beverages,London,EC2 5NT,UK
10948,GODOS,31,3,31.08333333,17.66666667,0,3,06-09-2014,06-17-2014,06-15-2014,3,23.39,Godos Cocina Típica,Sevilla,41101,Spain
10949,BOTTM,25,4,36.075,27,0,2,08-03-2013,08-12-2013,08-10-2013,3,74.44,Bottom-Dollar Markets,Tsawassen,T2F 8M4,Canada
10950,MAGAA,77,1,22,5,0,1,08-23-2010,08-27-2010,08-24-2010,2,2.5,Magazzini Alimentari Riuniti,Bergamo,24100,Italy
10951,RICSU,35,3,6.633333333,23.66666667,0.05,9,06-30-2012,07-03-2012,07-02-2012,2,30.85,Richter Supermarkt,Genève,1204,Switzerland
10952,ALFKI,46,2,35.3,9,0.025,1,03-01-2014,03-09-2014,03-08-2014,1,40.42,Alfred's Futterkiste,Berlin,12209,Germany
10953,AROUT,20,2,46.75,50,0.05,9,07-18-2012,07-27-2012,07-24-2012,2,23.72,Around the Horn,Colchester,CO7 6JX,UK
10954,LINOD,42,4,18.3625,26.75,0.1125,5,02-08-2015,02-15-2015,02-13-2015,1,27.91,LINO-Delicateses,I. de Margarita,4980,Venezuela
10955,FOLKO,15,1,7.75,12,0.2,8,08-04-2015,08-08-2015,08-06-2015,2,3.26,Folk och fä HB,Bräcke,S-844 67,Sweden
10956,BLAUS,63,3,24.16666667,11.33333333,0,6,09-16-2011,09-21-2011,09-18-2011,2,44.65,Blauer See Delikatessen,Mannheim,68306,Germany
10957,HILAA,51,3,25.71333333,26,0,8,10-14-2011,10-17-2011,10-16-2011,3,105.36,HILARION-Abastos,San Cristóbal,5022,Venezuela
10958,OCEAN,40,3,28.71666667,10.33333333,0,7,09-28-2014,10-05-2014,10-02-2014,2,49.56,Océano Atlántico Ltda.,Buenos Aires,1010,Argentina
10959,GOURL,22,1,7.75,20,0.15,6,12-09-2012,12-19-2012,12-16-2012,2,4.98,Gourmet Lanchonetes,Campinas,04876-786,Brazil
10960,HILAA,49,2,7.075,17,0.125,3,01-26-2015,02-01-2015,01-29-2015,1,2.08,HILARION-Abastos,San Cristóbal,5022,Venezuela
10961,QUEEN,38,2,12.5,33,0.025,8,09-19-2014,09-22-2014,09-21-2014,1,104.47,Queen Cozinha,Sao Paulo,05487-020,Brazil
10962,QUICK,21,5,24.56,39,0,8,01-15-2011,01-24-2011,01-23-2011,2,275.79,QUICK-Stop,Cunewalde,1307,Germany
10963,FURIB,21,1,34,2,0.15,9,08-01-2012,08-11-2012,08-10-2012,3,2.7,Furia Bacalhau e Frutos do Mar,Lisboa,1675,Portugal
10964,SPECD,1,3,120.6666667,7,0,3,10-12-2011,10-19-2011,10-18-2011,2,87.38,Spécialités du monde,Paris,75016,France
10965,OLDWO,1,1,53,16,0,6,09-15-2013,09-24-2013,09-21-2013,3,144.38,Old World Delicatessen,Anchorage,99508,USA
10966,CHOPS,45,3,37.76666667,10.66666667,0.1,4,07-24-2013,07-30-2013,07-29-2013,1,27.19,Chop-suey Chinese,Bern,3012,Switzerland
10967,TOMSP,43,2,14.6,26,0,2,06-16-2014,06-20-2014,06-18-2014,2,62.22,Toms Spezialitäten,Münster,44087,Germany
10968,ERNSH,61,3,25.25,21.33333333,0,1,07-06-2014,07-12-2014,07-10-2014,3,74.6,Ernst Handel,Graz,8010,Austria
10969,COMMI,63,1,12,9,0,1,12-16-2010,12-21-2010,12-20-2010,2,0.21,Comércio Mineiro,Sao Paulo,05432-043,Brazil
10970,BOLID,35,1,7,40,0.2,9,10-09-2012,10-19-2012,10-18-2012,1,16.16,Bólido Comidas preparadas,Madrid,28023,Spain
10971,FRANR,13,1,123.79,14,0,2,03-08-2013,03-17-2013,03-14-2013,2,121.82,France restauration,Nantes,44000,France
10972,LACOR,49,2,20.75,6.5,0,4,07-22-2012,07-29-2012,07-27-2012,2,0.02,La corne d'abondance,Versailles,78000,France
10973,LACOR,24,3,16.21,7,0,6,05-22-2014,05-30-2014,05-27-2014,2,15.17,La corne d'abondance,Versailles,78000,France
10974,SPLIR,73,1,43.9,10,0,3,03-31-2014,04-04-2014,04-02-2014,3,12.96,Split Rail Beer & Ale,Lander,82520,USA
10975,BOTTM,14,2,23.875,13,0,1,05-05-2010,05-10-2010,05-09-2010,3,32.27,Bottom-Dollar Markets,Tsawassen,T2F 8M4,Canada
10976,HILAA,62,1,45.6,20,0,1,07-20-2013,07-26-2013,07-24-2013,1,37.97,HILARION-Abastos,San Cristóbal,5022,Venezuela
10977,FOLKO,23,4,31.1,22.5,0,8,09-05-2014,09-10-2014,09-07-2014,3,208.5,Folk och fä HB,Bräcke,S-844 67,Sweden
10978,MAISD,48,4,21.9625,19,0.1125,9,06-09-2011,06-16-2011,06-15-2011,2,32.82,Maison Dewey,Bruxelles,B-1180,Belgium
10979,ERNSH,17,6,28.8,34.5,0,8,03-07-2011,03-14-2011,03-12-2011,2,353.07,Ernst Handel,Graz,8010,Austria
10980,FOLKO,21,1,7.75,40,0.2,4,08-12-2015,08-18-2015,08-16-2015,1,1.26,Folk och fä HB,Bräcke,S-844 67,Sweden
10981,HANAR,8,1,263.5,60,0,1,03-01-2010,03-07-2010,03-06-2010,2,193.37,Hanari Carnes,Rio de Janeiro,05454-876,Brazil
10982,BOTTM,4,2,38,14.5,0,2,03-25-2015,04-02-2015,03-31-2015,1,14.01,Bottom-Dollar Markets,Tsawassen,T2F 8M4,Canada
10983,SAVEA,18,2,12.75,49.5,0.075,2,04-02-2015,04-07-2015,04-05-2015,2,657.54,Save-a-lot Markets,Boise,83720,USA
10984,SAVEA,2,3,13.65,38.33333333,0,1,02-04-2013,02-07-2013,02-05-2013,3,211.22,Save-a-lot Markets,Boise,83720,USA
10985,HUNGO,35,3,37.31666667,26.33333333,0.1,2,07-17-2014,07-25-2014,07-24-2014,1,91.51,Hungry Owl All-Night Grocers,Cork,NULL,Ireland
10986,OCEAN,24,4,33.25,17.5,0,8,04-11-2012,04-18-2012,04-16-2012,2,217.86,Océano Atlántico Ltda.,Buenos Aires,1010,Argentina
10987,EASTC,41,3,36.93333333,28.66666667,0,8,09-03-2013,09-07-2013,09-05-2013,1,185.48,Eastern Connection,London,WX3 6FW,UK
10988,RATTC,50,2,39.65,50,0.05,3,12-25-2010,12-28-2010,12-26-2010,2,61.14,Rattlesnake Canyon Grocery,Albuquerque,87110,USA
10989,QUEDE,14,3,18.55,19.66666667,0,2,05-06-2013,05-14-2013,05-13-2013,1,34.76,Que Delícia,Rio de Janeiro,02389-673,Brazil
10990,ERNSH,72,4,19.125,64,0.1125,2,11-25-2012,12-05-2012,12-03-2012,3,117.61,Ernst Handel,Graz,8010,Austria
10991,QUICK,69,3,17.33333333,53.33333333,0.2,1,10-04-2012,10-13-2012,10-12-2012,1,38.51,QUICK-Stop,Cunewalde,1307,Germany
10992,THEBI,47,1,34.8,2,0,1,01-25-2013,01-29-2013,01-28-2013,3,4.27,The Big Cheese,Portland,97201,USA
10993,FOLKO,31,2,66.72,42.5,0.25,7,06-23-2013,06-28-2013,06-26-2013,3,8.81,Folk och fä HB,Bräcke,S-844 67,Sweden
10994,VAFFE,1,1,55,18,0.05,2,10-23-2015,10-27-2015,10-24-2015,3,65.53,Vaffeljernet,Århus,8200,Denmark
10995,PERIC,76,2,43.5,12,0,1,04-24-2013,05-03-2013,04-30-2013,3,46,Pericles Comidas clásicas,México D.F.,5033,Mexico
10996,QUICK,66,1,14,40,0,4,12-03-2011,12-07-2011,12-06-2011,2,1.12,QUICK-Stop,Cunewalde,1307,Germany
10997,LILAS,33,3,17,30,0.166666667,8,09-26-2015,10-03-2015,10-01-2015,2,73.91,LILA-Supermercado,Barquisimeto,3508,Venezuela
10998,WOLZA,21,4,12.6875,17.25,0,8,08-21-2011,08-31-2011,08-28-2011,2,20.31,Wolski Zajazd,Warszawa,01-012,Poland
10999,OTTIK,44,3,25.21666667,18.66666667,0.05,6,11-14-2015,11-20-2015,11-19-2015,2,96.35,Ottilies Käseladen,Köln,50739,Germany
11000,RATTC,14,3,13.16666667,28.33333333,0.166666667,2,08-23-2013,08-29-2013,08-27-2013,3,55.12,Rattlesnake Canyon Grocery,Albuquerque,87110,USA
11001,FOLKO,5,4,21.75,29,0,2,10-23-2010,10-27-2010,10-26-2010,2,197.3,Folk och fä HB,Bräcke,S-844 67,Sweden
11002,SAVEA,4,4,15.5,33.75,0.075,4,03-09-2012,03-17-2012,03-15-2012,1,141.16,Save-a-lot Markets,Boise,83720,USA
11003,THECR,23,3,14.46666667,8,0,3,07-09-2012,07-16-2012,07-14-2012,3,14.91,The Cracker Box,Butte,59801,USA
11004,MAISD,56,2,24.615,6,0,3,11-05-2013,11-08-2013,11-05-2013,1,44.84,Maison Dewey,Bruxelles,B-1180,Belgium
11005,WILMK,43,2,36.5,6,0,2,10-26-2013,11-03-2013,10-31-2013,1,0.75,Wilman Kala,Helsinki,21240,Finland
11006,GREAL,32,2,70.895,5,0.125,3,12-03-2015,12-09-2015,12-08-2015,2,25.19,Great Lakes Food Market,Eugene,97403,USA
11007,PRINI,61,3,59.26333333,18,0,8,08-30-2010,09-08-2010,09-07-2010,2,202.24,Princesa Isabel Vinhos,Lisboa,1756,Portugal
11008,ERNSH,30,3,27.03333333,60.33333333,0.033333333,7,12-07-2013,12-15-2013,12-12-2013,3,79.46,Ernst Handel,Graz,8010,Austria
11009,GODOS,64,3,19.16666667,13,0.083333333,2,11-17-2011,11-27-2011,11-24-2011,1,59.11,Godos Cocina Típica,Sevilla,41101,Spain
11010,REGGC,71,2,17.25,15,0,2,08-12-2015,08-16-2015,08-13-2015,2,28.71,Reggiani Caseifici,Reggio Emilia,42100,Italy
11011,ALFKI,15,2,17.375,30,0.025,3,01-31-2011,02-10-2011,02-07-2011,1,1.21,Alfred's Futterkiste,Berlin,12209,Germany
11012,FRANK,14,3,21.56666667,48.66666667,0.05,1,08-08-2012,08-16-2012,08-14-2012,3,242.95,Frankenversand,München,80805,Germany
11013,ROMEY,55,4,11.25,9,0,2,12-14-2015,12-17-2015,12-16-2015,1,32.99,Romero y tomillo,Madrid,28001,Spain
11014,LINOD,14,1,9.65,28,0.1,2,07-27-2014,08-05-2014,08-03-2014,3,23.6,LINO-Delicateses,I. de Margarita,4980,Venezuela
11015,SANTG,17,2,19.445,16.5,0,2,02-15-2015,02-18-2015,02-15-2015,2,4.62,Santé Gourmet,Stavern,4110,Norway
11016,AROUT,7,2,15.75,15.5,0,9,08-12-2012,08-17-2012,08-16-2012,2,33.8,Around the Horn,Colchester,CO7 6JX,UK
11017,ERNSH,10,3,26.66666667,55,0,9,12-22-2014,12-30-2014,12-27-2014,2,754.26,Ernst Handel,Graz,8010,Austria
11018,LONEP,20,3,46.16666667,11.66666667,0,4,05-02-2012,05-07-2012,05-04-2012,2,11.65,Lonesome Pine Restaurant,Portland,97219,USA
11019,RANCH,24,2,16,2.5,0,6,04-03-2015,04-11-2015,04-09-2015,3,3.17,Rancho grande,Buenos Aires,1010,Argentina
11020,OTTIK,77,1,31,24,0.15,2,02-16-2014,02-20-2014,02-18-2014,2,43.3,Ottilies Käseladen,Köln,50739,Germany
11021,QUICK,5,5,43.806,33.6,0.1,3,01-27-2012,02-03-2012,01-31-2012,1,297.18,QUICK-Stop,Cunewalde,1307,Germany
11022,HANAR,55,2,22.6,32.5,0,9,11-29-2013,12-08-2013,12-06-2013,2,6.27,Hanari Carnes,Rio de Janeiro,05454-876,Brazil
11023,BSBEV,38,2,38,17,0,1,12-27-2010,01-03-2011,12-31-2010,2,123.83,B's Beverages,London,EC2 5NT,UK
11024,EASTC,38,4,19.07,28.25,0,4,11-08-2015,11-12-2015,11-11-2015,1,74.36,Eastern Connection,London,WX3 6FW,UK
11025,WARTH,36,2,12,15,0.1,6,12-14-2011,12-23-2011,12-21-2011,3,29.17,Wartian Herkku,Oulu,90110,Finland
11026,FRANS,15,2,57.75,9,0,4,12-15-2015,12-21-2015,12-19-2015,1,47.09,Franchi S.p.A.,Torino,10100,Italy
11027,BOTTM,66,2,26.9,25.5,0.25,1,01-06-2010,01-14-2010,01-12-2010,1,52.52,Bottom-Dollar Markets,Tsawassen,T2F 8M4,Canada
11028,KOENE,10,2,39.5,29.5,0,2,07-22-2012,07-27-2012,07-25-2012,1,29.59,Königlich Essen,Brandenburg,14776,Germany
11029,CHOPS,15,2,40.95,16,0,4,05-31-2013,06-08-2013,06-05-2013,1,47.84,Chop-suey Chinese,Bern,3012,Switzerland
11030,SAVEA,9,4,54.785,82.5,0.1875,7,04-15-2015,04-22-2015,04-19-2015,2,830.75,Save-a-lot Markets,Boise,83720,USA
11031,SAVEA,72,5,16.65,36.4,0,6,10-06-2015,10-14-2015,10-13-2015,2,227.22,Save-a-lot Markets,Boise,83720,USA
11032,WHITC,12,3,112.5,30,0,2,04-29-2013,05-07-2013,05-05-2013,3,606.19,White Clover Markets,Seattle,98124,USA
11033,RICSU,46,2,34.4,53,0.1,7,04-23-2014,04-28-2014,04-27-2014,3,84.74,Richter Supermarkt,Genève,1204,Switzerland
11034,OLDWO,69,3,19.31666667,11,0.033333333,8,08-29-2015,09-02-2015,08-31-2015,1,40.32,Old World Delicatessen,Anchorage,99508,USA
11035,SUPRD,15,4,14.3625,27.5,0,2,02-14-2012,02-17-2012,02-16-2012,2,0.17,Suprêmes délices,Charleroi,B-6000,Belgium
11036,DRACD,36,2,30.5,18.5,0,8,03-12-2015,03-16-2015,03-14-2015,3,149.47,Drachenblut Delikatessen,Aachen,52066,Germany
11037,GODOS,1,1,15,4,0,7,01-26-2010,02-02-2010,02-01-2010,1,3.2,Godos Cocina Típica,Sevilla,41101,Spain
11038,SUPRD,65,3,15.63333333,12.33333333,0.066666667,1,03-02-2010,03-12-2010,03-10-2010,2,29.59,Suprêmes délices,Charleroi,B-6000,Belgium
11039,LINOD,48,4,25.775,33,0,1,03-12-2010,03-17-2010,03-15-2010,2,65,LINO-Delicateses,I. de Margarita,4980,Venezuela
11040,GREAL,58,1,10,20,0,4,05-15-2013,05-22-2013,05-21-2013,3,18.84,Great Lakes Food Market,Eugene,97403,USA
11041,CHOPS,1,2,31.45,30,0.1,3,07-16-2013,07-24-2013,07-23-2013,2,48.22,Chop-suey Chinese,Bern,3012,Switzerland
11042,COMMI,30,2,23.975,9.5,0,2,03-27-2010,04-04-2010,04-01-2010,1,29.99,Comércio Mineiro,Sao Paulo,05432-043,Brazil
11043,SPECD,34,1,21,10,0,5,02-25-2015,03-05-2015,03-03-2015,2,8.8,Spécialités du monde,Paris,75016,France
11044,WOLZA,67,1,49.3,12,0,4,07-10-2012,07-16-2012,07-13-2012,1,8.72,Wolski Zajazd,Warszawa,01-012,Poland
11045,BOTTM,42,2,27.75,19.5,0,6,07-06-2015,07-16-2015,07-15-2015,2,70.58,Bottom-Dollar Markets,Tsawassen,T2F 8M4,Canada
11046,WANDK,37,3,29.33333333,17.66666667,0.05,8,06-11-2010,06-17-2010,06-16-2010,2,71.64,Die Wandernde Kuh,Stuttgart,70563,Germany
11047,EASTC,64,2,19.675,27.5,0.25,7,11-01-2015,11-08-2015,11-05-2015,3,46.62,Eastern Connection,London,WX3 6FW,UK
11048,BOTTM,48,1,12.5,42,0,7,11-23-2010,12-03-2010,12-01-2010,3,24.12,Bottom-Dollar Markets,Tsawassen,T2F 8M4,Canada
11049,GOURL,17,2,28.5,7,0.2,3,04-09-2013,04-15-2013,04-14-2013,1,8.34,Gourmet Lanchonetes,Campinas,04876-786,Brazil
11050,FOLKO,46,1,18,50,0.1,8,08-16-2015,08-22-2015,08-21-2015,2,59.41,Folk och fä HB,Bräcke,S-844 67,Sweden
11051,LAMAI,2,1,4.5,10,0.2,7,01-01-2011,01-06-2011,01-05-2011,3,2.79,La maison d'Asie,Toulouse,31000,France
11052,HANAR,73,2,37.25,20,0.2,3,06-05-2011,06-13-2011,06-11-2011,1,67.26,Hanari Carnes,Rio de Janeiro,05454-876,Brazil
11053,PICCO,6,3,42.58333333,26.66666667,0.133333333,2,06-11-2013,06-14-2013,06-11-2013,2,53.05,Piccolo und mehr,Salzburg,5020,Austria
11054,CACTU,38,2,8.25,15,0,8,02-08-2014,02-12-2014,02-11-2014,1,0.33,Cactus Comidas para llevar,Buenos Aires,1010,Argentina
11055,HILAA,15,4,22.75,17.5,0,7,02-06-2015,02-11-2015,02-09-2015,2,120.92,HILARION-Abastos,San Cristóbal,5022,Venezuela
11056,EASTC,75,3,29.33333333,41.66666667,0,8,06-24-2015,06-27-2015,06-26-2015,2,278.96,Eastern Connection,London,WX3 6FW,UK
11057,NORTS,5,1,15,3,0,3,07-29-2010,08-05-2010,08-04-2010,3,4.13,North/South,London,SW7 1RZ,UK
11058,BLAUS,67,3,24.16666667,9.333333333,0,9,03-26-2010,04-03-2010,04-02-2010,3,31.14,Blauer See Delikatessen,Mannheim,68306,Germany
11059,RICAR,18,3,26.33333333,25.66666667,0,2,02-10-2010,02-19-2010,02-17-2010,2,85.8,Ricardo Adocicados,Rio de Janeiro,02389-890,Brazil
11060,FRANS,71,2,23.5,7,0,2,06-06-2014,06-14-2014,06-13-2014,2,10.98,Franchi S.p.A.,Torino,10100,Italy
11061,GREAL,58,1,34,15,0,4,12-15-2011,12-24-2011,12-21-2011,3,14.01,Great Lakes Food Market,Eugene,97403,USA
11062,REGGC,44,2,23.9,11,0.2,4,01-27-2015,02-03-2015,01-31-2015,2,29.93,Reggiani Caseifici,Reggio Emilia,42100,Italy
11063,HUNGO,30,3,14.01666667,33.33333333,0.066666667,3,08-08-2011,08-18-2011,08-16-2011,2,81.73,Hungry Owl All-Night Grocers,Cork,NULL,Ireland
11064,SAVEA,55,5,23.59,34.6,0.06,1,07-07-2013,07-13-2013,07-11-2013,1,30.09,Save-a-lot Markets,Boise,83720,USA
11065,LILAS,8,2,16.67,12,0.25,8,05-07-2015,05-11-2015,05-08-2015,1,12.91,LILA-Supermercado,Barquisimeto,3508,Venezuela
11066,WHITC,23,3,13.55,26.66666667,0,7,07-02-2013,07-09-2013,07-08-2013,2,44.72,White Clover Markets,Seattle,98124,USA
11067,DRACD,19,1,9.65,9,0,1,12-22-2013,12-25-2013,12-23-2013,2,7.98,Drachenblut Delikatessen,Aachen,52066,Germany
11068,QUEEN,40,3,34.86666667,24,0.15,8,02-05-2010,02-10-2010,02-09-2010,2,81.75,Queen Cozinha,Sao Paulo,05487-020,Brazil
11069,TORTU,26,1,18,20,0,1,12-12-2013,12-20-2013,12-19-2013,2,15.67,Tortuga Restaurante,México D.F.,5033,Mexico
11070,LEHMS,41,4,16.7375,27.5,0.1125,2,02-01-2012,02-05-2012,02-04-2012,1,136,Lehmanns Marktstand,Frankfurt a.M.,60528,Germany
11071,LILAS,39,2,18,12.5,0.05,1,10-20-2010,10-27-2010,10-26-2010,1,0.93,LILA-Supermercado,Barquisimeto,3508,Venezuela
11072,ERNSH,61,4,19.5375,50,0,4,05-24-2011,06-03-2011,05-31-2011,2,258.64,Ernst Handel,Graz,8010,Austria
11073,PERIC,5,2,12.75,15,0,2,03-24-2011,03-30-2011,03-28-2011,2,24.95,Pericles Comidas clásicas,México D.F.,5033,Mexico
11074,SIMOB,7,1,17.45,14,0.05,7,12-01-2015,12-07-2015,12-04-2015,2,18.44,Simons bistro,Kobenhavn,1734,Denmark
11075,RICSU,4,3,16.33333333,14,0.15,8,09-14-2015,09-23-2015,09-21-2015,2,6.19,Richter Supermarkt,Genève,1204,Switzerland
11076,BONAP,77,3,19.15,16.66666667,0.25,4,06-14-2013,06-19-2013,06-17-2013,2,38.28,Bon app',Marseille,13008,France
11077,RATTC,66,25,22.974,2.88,0.0276,1,05-27-2015,06-04-2015,06-03-2015,2,8.53,Rattlesnake Canyon Grocery,Albuquerque,87110,USA
